threshold,auc,tp,fp,tn,fn,accuracy,precision,recall,fpr
0.001,0.5,55383.0,30683.0,0.0,0.0,0.6435,0.6435,1.0,1.0
0.002,0.5,55383.0,30683.0,0.0,0.0,0.6435,0.6435,1.0,1.0
0.003,0.5,55383.0,30683.0,0.0,0.0,0.6435,0.6435,1.0,1.0
0.004,0.5,55383.0,30683.0,0.0,0.0,0.6435,0.6435,1.0,1.0
0.005,0.5,55383.0,30683.0,0.0,0.0,0.6435,0.6435,1.0,1.0
0.006,0.5,55383.0,30683.0,0.0,0.0,0.6435,0.6435,1.0,1.0
0.007,0.5,55383.0,30683.0,0.0,0.0,0.6435,0.6435,1.0,1.0
0.008,0.5,55383.0,30683.0,0.0,0.0,0.6435,0.6435,1.0,1.0
0.009,0.5,55383.0,30683.0,0.0,0.0,0.6435,0.6435,1.0,1.0
0.01,0.5,55383.0,30683.0,0.0,0.0,0.6435,0.6435,1.0,1.0
0.011,0.5,55383.0,30683.0,0.0,0.0,0.6435,0.6435,1.0,1.0
0.012,0.5,55383.0,30683.0,0.0,0.0,0.6435,0.6435,1.0,1.0
0.013,0.5,55383.0,30683.0,0.0,0.0,0.6435,0.6435,1.0,1.0
0.014,0.5,55383.0,30683.0,0.0,0.0,0.6435,0.6435,1.0,1.0
0.015,0.5,55383.0,30683.0,0.0,0.0,0.6435,0.6435,1.0,1.0
0.016,0.5,55383.0,30683.0,0.0,0.0,0.6435,0.6435,1.0,1.0
0.017,0.5000325913372226,55383.0,30681.0,2.0,0.0,0.6435,0.6435,1.0,0.9999
0.018,0.5000651826744451,55383.0,30679.0,4.0,0.0,0.6435,0.6435,1.0,0.9999
0.019,0.5000814783430565,55383.0,30678.0,5.0,0.0,0.6436,0.6435,1.0,0.9998
0.02,0.500114069680279,55383.0,30676.0,7.0,0.0,0.6436,0.6435,1.0,0.9998
0.021,0.500114069680279,55383.0,30676.0,7.0,0.0,0.6436,0.6435,1.0,0.9998
0.022,0.500114069680279,55383.0,30676.0,7.0,0.0,0.6436,0.6435,1.0,0.9998
0.023,0.500114069680279,55383.0,30676.0,7.0,0.0,0.6436,0.6435,1.0,0.9998
0.024,0.500114069680279,55383.0,30676.0,7.0,0.0,0.6436,0.6435,1.0,0.9998
0.025,0.500114069680279,55383.0,30676.0,7.0,0.0,0.6436,0.6435,1.0,0.9998
0.026,0.500114069680279,55383.0,30676.0,7.0,0.0,0.6436,0.6435,1.0,0.9998
0.027,0.5001303653488902,55383.0,30675.0,8.0,0.0,0.6436,0.6436,1.0,0.9997
0.028,0.5001466610175016,55383.0,30674.0,9.0,0.0,0.6436,0.6436,1.0,0.9997
0.029,0.5001466610175016,55383.0,30674.0,9.0,0.0,0.6436,0.6436,1.0,0.9997
0.03,0.5001466610175016,55383.0,30674.0,9.0,0.0,0.6436,0.6436,1.0,0.9997
0.031,0.5001466610175016,55383.0,30674.0,9.0,0.0,0.6436,0.6436,1.0,0.9997
0.032,0.5001466610175016,55383.0,30674.0,9.0,0.0,0.6436,0.6436,1.0,0.9997
0.033,0.5001466610175016,55383.0,30674.0,9.0,0.0,0.6436,0.6436,1.0,0.9997
0.034,0.5001466610175016,55383.0,30674.0,9.0,0.0,0.6436,0.6436,1.0,0.9997
0.035,0.5001466610175016,55383.0,30674.0,9.0,0.0,0.6436,0.6436,1.0,0.9997
0.036,0.5001466610175016,55383.0,30674.0,9.0,0.0,0.6436,0.6436,1.0,0.9997
0.037,0.5001466610175016,55383.0,30674.0,9.0,0.0,0.6436,0.6436,1.0,0.9997
0.038,0.5001466610175016,55383.0,30674.0,9.0,0.0,0.6436,0.6436,1.0,0.9997
0.039,0.5001466610175016,55383.0,30674.0,9.0,0.0,0.6436,0.6436,1.0,0.9997
0.04,0.5001466610175016,55383.0,30674.0,9.0,0.0,0.6436,0.6436,1.0,0.9997
0.041,0.5001466610175016,55383.0,30674.0,9.0,0.0,0.6436,0.6436,1.0,0.9997
0.042,0.5001466610175016,55383.0,30674.0,9.0,0.0,0.6436,0.6436,1.0,0.9997
0.043,0.5001466610175016,55383.0,30674.0,9.0,0.0,0.6436,0.6436,1.0,0.9997
0.044,0.5001466610175016,55383.0,30674.0,9.0,0.0,0.6436,0.6436,1.0,0.9997
0.045,0.5001466610175016,55383.0,30674.0,9.0,0.0,0.6436,0.6436,1.0,0.9997
0.046,0.5001466610175016,55383.0,30674.0,9.0,0.0,0.6436,0.6436,1.0,0.9997
0.047,0.5001466610175016,55383.0,30674.0,9.0,0.0,0.6436,0.6436,1.0,0.9997
0.048,0.5001466610175016,55383.0,30674.0,9.0,0.0,0.6436,0.6436,1.0,0.9997
0.049,0.5001629566861128,55383.0,30673.0,10.0,0.0,0.6436,0.6436,1.0,0.9997
0.05,0.5001629566861128,55383.0,30673.0,10.0,0.0,0.6436,0.6436,1.0,0.9997
0.051,0.5001629566861128,55383.0,30673.0,10.0,0.0,0.6436,0.6436,1.0,0.9997
0.052,0.5001539286450172,55382.0,30673.0,10.0,1.0,0.6436,0.6436,1.0,0.9997
0.053,0.5001539286450172,55382.0,30673.0,10.0,1.0,0.6436,0.6436,1.0,0.9997
0.054,0.5001702243136285,55382.0,30672.0,11.0,1.0,0.6436,0.6436,1.0,0.9996
0.055,0.5001702243136285,55382.0,30672.0,11.0,1.0,0.6436,0.6436,1.0,0.9996
0.056,0.5001702243136285,55382.0,30672.0,11.0,1.0,0.6436,0.6436,1.0,0.9996
0.057,0.5001702243136285,55382.0,30672.0,11.0,1.0,0.6436,0.6436,1.0,0.9996
0.058,0.5001702243136285,55382.0,30672.0,11.0,1.0,0.6436,0.6436,1.0,0.9996
0.059,0.5001702243136285,55382.0,30672.0,11.0,1.0,0.6436,0.6436,1.0,0.9996
0.06,0.5001865199822397,55382.0,30671.0,12.0,1.0,0.6436,0.6436,1.0,0.9996
0.061,0.5001865199822397,55382.0,30671.0,12.0,1.0,0.6436,0.6436,1.0,0.9996
0.062,0.5001774919411441,55381.0,30671.0,12.0,2.0,0.6436,0.6436,1.0,0.9996
0.063,0.5001774919411441,55381.0,30671.0,12.0,2.0,0.6436,0.6436,1.0,0.9996
0.064,0.5001937876097554,55381.0,30670.0,13.0,2.0,0.6436,0.6436,1.0,0.9996
0.065,0.5001937876097554,55381.0,30670.0,13.0,2.0,0.6436,0.6436,1.0,0.9996
0.066,0.5002100832783667,55381.0,30669.0,14.0,2.0,0.6436,0.6436,1.0,0.9995
0.067,0.5002173509058824,55380.0,30668.0,15.0,3.0,0.6436,0.6436,0.9999,0.9995
0.068,0.5002173509058824,55380.0,30668.0,15.0,3.0,0.6436,0.6436,0.9999,0.9995
0.069,0.5002173509058824,55380.0,30668.0,15.0,3.0,0.6436,0.6436,0.9999,0.9995
0.07,0.5002173509058824,55380.0,30668.0,15.0,3.0,0.6436,0.6436,0.9999,0.9995
0.071,0.5002173509058824,55380.0,30668.0,15.0,3.0,0.6436,0.6436,0.9999,0.9995
0.072,0.5002173509058824,55380.0,30668.0,15.0,3.0,0.6436,0.6436,0.9999,0.9995
0.073,0.5002173509058824,55380.0,30668.0,15.0,3.0,0.6436,0.6436,0.9999,0.9995
0.074,0.5002173509058824,55380.0,30668.0,15.0,3.0,0.6436,0.6436,0.9999,0.9995
0.075,0.5002173509058824,55380.0,30668.0,15.0,3.0,0.6436,0.6436,0.9999,0.9995
0.076,0.5002173509058824,55380.0,30668.0,15.0,3.0,0.6436,0.6436,0.9999,0.9995
0.077,0.5002173509058824,55380.0,30668.0,15.0,3.0,0.6436,0.6436,0.9999,0.9995
0.078,0.5002173509058824,55380.0,30668.0,15.0,3.0,0.6436,0.6436,0.9999,0.9995
0.079,0.5002173509058824,55380.0,30668.0,15.0,3.0,0.6436,0.6436,0.9999,0.9995
0.08,0.5002083228647867,55379.0,30668.0,15.0,4.0,0.6436,0.6436,0.9999,0.9995
0.081,0.5002083228647867,55379.0,30668.0,15.0,4.0,0.6436,0.6436,0.9999,0.9995
0.082,0.500224618533398,55379.0,30667.0,16.0,4.0,0.6436,0.6436,0.9999,0.9995
0.083,0.500224618533398,55379.0,30667.0,16.0,4.0,0.6436,0.6436,0.9999,0.9995
0.084,0.5002409142020092,55379.0,30666.0,17.0,4.0,0.6436,0.6436,0.9999,0.9994
0.085,0.5002572098706205,55379.0,30665.0,18.0,4.0,0.6437,0.6436,0.9999,0.9994
0.086,0.5002735055392318,55379.0,30664.0,19.0,4.0,0.6437,0.6436,0.9999,0.9994
0.087,0.5002735055392318,55379.0,30664.0,19.0,4.0,0.6437,0.6436,0.9999,0.9994
0.088,0.500289801207843,55379.0,30663.0,20.0,4.0,0.6437,0.6436,0.9999,0.9993
0.089,0.500289801207843,55379.0,30663.0,20.0,4.0,0.6437,0.6436,0.9999,0.9993
0.09,0.5003549838822883,55379.0,30659.0,24.0,4.0,0.6437,0.6437,0.9999,0.9992
0.091,0.5003875752195107,55379.0,30657.0,26.0,4.0,0.6438,0.6437,0.9999,0.9992
0.092,0.5003948428470265,55378.0,30656.0,27.0,5.0,0.6438,0.6437,0.9999,0.9991
0.093,0.5003948428470265,55378.0,30656.0,27.0,5.0,0.6438,0.6437,0.9999,0.9991
0.094,0.5004021104745421,55377.0,30655.0,28.0,6.0,0.6438,0.6437,0.9999,0.9991
0.095,0.5004021104745421,55377.0,30655.0,28.0,6.0,0.6438,0.6437,0.9999,0.9991
0.096,0.5004184061431534,55377.0,30654.0,29.0,6.0,0.6438,0.6437,0.9999,0.9991
0.097,0.5004184061431534,55377.0,30654.0,29.0,6.0,0.6438,0.6437,0.9999,0.9991
0.098,0.5004184061431534,55377.0,30654.0,29.0,6.0,0.6438,0.6437,0.9999,0.9991
0.099,0.5004184061431534,55377.0,30654.0,29.0,6.0,0.6438,0.6437,0.9999,0.9991
0.1,0.5004184061431534,55377.0,30654.0,29.0,6.0,0.6438,0.6437,0.9999,0.9991
0.101,0.5004184061431534,55377.0,30654.0,29.0,6.0,0.6438,0.6437,0.9999,0.9991
0.102,0.5004093781020577,55376.0,30654.0,29.0,7.0,0.6438,0.6437,0.9999,0.9991
0.103,0.5004329413981846,55375.0,30652.0,31.0,8.0,0.6438,0.6437,0.9999,0.999
0.104,0.5004655327354072,55375.0,30650.0,33.0,8.0,0.6438,0.6437,0.9999,0.9989
0.105,0.5004873356179541,55372.0,30647.0,36.0,11.0,0.6438,0.6437,0.9998,0.9988
0.106,0.5004873356179541,55372.0,30647.0,36.0,11.0,0.6438,0.6437,0.9998,0.9988
0.107,0.500510898914081,55371.0,30645.0,38.0,12.0,0.6438,0.6437,0.9998,0.9988
0.108,0.5005271945826922,55371.0,30644.0,39.0,12.0,0.6438,0.6437,0.9998,0.9987
0.109,0.5005597859199149,55371.0,30642.0,41.0,12.0,0.6438,0.6438,0.9998,0.9987
0.11,0.5005670535474306,55370.0,30641.0,42.0,13.0,0.6438,0.6438,0.9998,0.9986
0.111,0.5006159405532644,55370.0,30638.0,45.0,13.0,0.6439,0.6438,0.9998,0.9985
0.112,0.5006485318904869,55370.0,30636.0,47.0,13.0,0.6439,0.6438,0.9998,0.9985
0.113,0.5006557995180025,55369.0,30635.0,48.0,14.0,0.6439,0.6438,0.9997,0.9984
0.114,0.5006883908552252,55369.0,30633.0,50.0,14.0,0.6439,0.6438,0.9997,0.9984
0.115,0.5006883908552252,55369.0,30633.0,50.0,14.0,0.6439,0.6438,0.9997,0.9984
0.116,0.5006883908552252,55369.0,30633.0,50.0,14.0,0.6439,0.6438,0.9997,0.9984
0.117,0.5007029261102565,55367.0,30631.0,52.0,16.0,0.6439,0.6438,0.9997,0.9983
0.118,0.5006938980691609,55366.0,30631.0,52.0,17.0,0.6439,0.6438,0.9997,0.9983
0.119,0.5007011656966764,55365.0,30630.0,53.0,18.0,0.6439,0.6438,0.9997,0.9983
0.12,0.500733757033899,55365.0,30628.0,55.0,18.0,0.6439,0.6438,0.9997,0.9982
0.121,0.5007500527025103,55365.0,30627.0,56.0,18.0,0.6439,0.6438,0.9997,0.9982
0.122,0.5007500527025103,55365.0,30627.0,56.0,18.0,0.6439,0.6438,0.9997,0.9982
0.123,0.5007500527025103,55365.0,30627.0,56.0,18.0,0.6439,0.6438,0.9997,0.9982
0.124,0.5007663483711216,55365.0,30626.0,57.0,18.0,0.6439,0.6438,0.9997,0.9981
0.125,0.5007989397083442,55365.0,30624.0,59.0,18.0,0.644,0.6439,0.9997,0.9981
0.126,0.5007971792947642,55363.0,30623.0,60.0,20.0,0.644,0.6439,0.9996,0.998
0.127,0.5008533339281136,55362.0,30619.0,64.0,21.0,0.644,0.6439,0.9996,0.9979
0.128,0.5008606015556293,55361.0,30618.0,65.0,22.0,0.644,0.6439,0.9996,0.9979
0.129,0.5008606015556293,55361.0,30618.0,65.0,22.0,0.644,0.6439,0.9996,0.9979
0.13,0.5008678691831449,55360.0,30617.0,66.0,23.0,0.644,0.6439,0.9996,0.9978
0.131,0.50093129144401,55358.0,30612.0,71.0,25.0,0.644,0.6439,0.9995,0.9977
0.132,0.5009801784498439,55358.0,30609.0,74.0,25.0,0.6441,0.6439,0.9995,0.9976
0.133,0.5010037417459708,55357.0,30607.0,76.0,26.0,0.6441,0.644,0.9995,0.9975
0.134,0.5010436007107091,55356.0,30604.0,79.0,27.0,0.6441,0.644,0.9995,0.9974
0.135,0.5010761920479316,55356.0,30602.0,81.0,27.0,0.6441,0.644,0.9995,0.9974
0.136,0.5010834596754472,55355.0,30601.0,82.0,28.0,0.6441,0.644,0.9995,0.9973
0.137,0.5010997553440585,55355.0,30600.0,83.0,28.0,0.6441,0.644,0.9995,0.9973
0.138,0.5011233186401854,55354.0,30598.0,85.0,29.0,0.6441,0.644,0.9995,0.9972
0.139,0.501179473273535,55353.0,30594.0,89.0,30.0,0.6442,0.644,0.9995,0.9971
0.14,0.5012120646107575,55353.0,30592.0,91.0,30.0,0.6442,0.6441,0.9995,0.997
0.141,0.5012845149127182,55352.0,30587.0,96.0,31.0,0.6442,0.6441,0.9994,0.9969
0.142,0.5012827544991383,55350.0,30586.0,97.0,33.0,0.6442,0.6441,0.9994,0.9968
0.143,0.5013389091324878,55349.0,30582.0,101.0,34.0,0.6443,0.6441,0.9994,0.9967
0.144,0.5014040918069329,55349.0,30578.0,105.0,34.0,0.6443,0.6441,0.9994,0.9966
0.145,0.5014276551030598,55348.0,30576.0,107.0,35.0,0.6443,0.6442,0.9994,0.9965
0.146,0.5014439507716711,55348.0,30575.0,108.0,35.0,0.6443,0.6442,0.9994,0.9965
0.147,0.5014602464402823,55348.0,30574.0,109.0,35.0,0.6444,0.6442,0.9994,0.9964
0.148,0.5015073730325362,55346.0,30570.0,113.0,37.0,0.6444,0.6442,0.9993,0.9963
0.149,0.5015073730325362,55346.0,30570.0,113.0,37.0,0.6444,0.6442,0.9993,0.9963
0.15,0.5015309363286631,55345.0,30568.0,115.0,38.0,0.6444,0.6442,0.9993,0.9963
0.151,0.5015219082875675,55344.0,30568.0,115.0,39.0,0.6444,0.6442,0.9993,0.9963
0.152,0.5015853305484326,55342.0,30563.0,120.0,41.0,0.6444,0.6442,0.9993,0.9961
0.153,0.5016251895131708,55341.0,30560.0,123.0,42.0,0.6444,0.6442,0.9992,0.996
0.154,0.5016740765190046,55341.0,30557.0,126.0,42.0,0.6445,0.6443,0.9992,0.9959
0.155,0.5017537944484811,55339.0,30551.0,132.0,44.0,0.6445,0.6443,0.9992,0.9957
0.156,0.5018189771229262,55339.0,30547.0,136.0,44.0,0.6446,0.6443,0.9992,0.9956
0.157,0.5018588360876645,55338.0,30544.0,139.0,45.0,0.6446,0.6443,0.9992,0.9955
0.158,0.5018643433016001,55335.0,30542.0,141.0,48.0,0.6446,0.6444,0.9991,0.9954
0.159,0.5019621173132677,55335.0,30536.0,147.0,48.0,0.6446,0.6444,0.9991,0.9952
0.16,0.5019947086504903,55335.0,30534.0,149.0,48.0,0.6447,0.6444,0.9991,0.9951
0.161,0.502092482662158,55335.0,30528.0,155.0,48.0,0.6447,0.6445,0.9991,0.9949
0.162,0.5021323416268962,55334.0,30525.0,158.0,49.0,0.6448,0.6445,0.9991,0.9949
0.163,0.5021957638877613,55332.0,30520.0,163.0,51.0,0.6448,0.6445,0.9991,0.9947
0.164,0.5022501581075308,55329.0,30515.0,168.0,54.0,0.6448,0.6445,0.999,0.9945
0.165,0.5022809890311734,55327.0,30512.0,171.0,56.0,0.6448,0.6445,0.999,0.9944
0.166,0.5023461717056186,55327.0,30508.0,175.0,56.0,0.6449,0.6446,0.999,0.9943
0.167,0.5023624673742298,55327.0,30507.0,176.0,56.0,0.6449,0.6446,0.999,0.9943
0.168,0.5023787630428411,55327.0,30506.0,177.0,56.0,0.6449,0.6446,0.999,0.9942
0.169,0.5023950587114524,55327.0,30505.0,178.0,56.0,0.6449,0.6446,0.999,0.9942
0.17,0.5024421853037062,55325.0,30501.0,182.0,58.0,0.6449,0.6446,0.999,0.9941
0.171,0.5024404248901262,55323.0,30500.0,183.0,60.0,0.6449,0.6446,0.9989,0.994
0.172,0.5025617621979208,55322.0,30492.0,191.0,61.0,0.645,0.6447,0.9989,0.9938
0.173,0.502625184458786,55320.0,30487.0,196.0,63.0,0.645,0.6447,0.9989,0.9936
0.174,0.5026487477549129,55319.0,30485.0,198.0,64.0,0.6451,0.6447,0.9988,0.9935
0.175,0.5026469873413328,55317.0,30484.0,199.0,66.0,0.645,0.6447,0.9988,0.9935
0.176,0.5027430009394206,55315.0,30477.0,206.0,68.0,0.6451,0.6448,0.9988,0.9933
0.177,0.5028081836138657,55315.0,30473.0,210.0,68.0,0.6451,0.6448,0.9988,0.9932
0.178,0.5028733662883108,55315.0,30469.0,214.0,68.0,0.6452,0.6448,0.9988,0.993
0.179,0.5028879015433422,55313.0,30467.0,216.0,70.0,0.6452,0.6448,0.9987,0.993
0.18,0.5029693798863986,55313.0,30462.0,221.0,70.0,0.6452,0.6449,0.9987,0.9928
0.181,0.5029839151414299,55311.0,30460.0,223.0,72.0,0.6452,0.6449,0.9987,0.9927
0.182,0.5030292813201036,55307.0,30455.0,228.0,76.0,0.6453,0.6449,0.9986,0.9926
0.183,0.5031596466689939,55307.0,30447.0,236.0,76.0,0.6454,0.6449,0.9986,0.9923
0.184,0.5031832099651209,55306.0,30445.0,238.0,77.0,0.6454,0.645,0.9986,0.9922
0.185,0.503246632225986,55304.0,30440.0,243.0,79.0,0.6454,0.645,0.9986,0.9921
0.186,0.5033281105690425,55304.0,30435.0,248.0,79.0,0.6455,0.645,0.9986,0.9919
0.187,0.503333617782978,55301.0,30433.0,250.0,82.0,0.6454,0.645,0.9985,0.9919
0.188,0.5034060680849388,55300.0,30428.0,255.0,83.0,0.6455,0.6451,0.9985,0.9917
0.189,0.503469490345804,55298.0,30423.0,260.0,85.0,0.6455,0.6451,0.9985,0.9915
0.19,0.5035256449791534,55297.0,30419.0,264.0,86.0,0.6456,0.6451,0.9984,0.9914
0.191,0.503532912606669,55296.0,30418.0,265.0,87.0,0.6456,0.6451,0.9984,0.9914
0.192,0.5035474478617004,55294.0,30416.0,267.0,89.0,0.6456,0.6451,0.9984,0.9913
0.193,0.5035547154892159,55293.0,30415.0,268.0,90.0,0.6456,0.6451,0.9984,0.9913
0.194,0.5035674903306673,55289.0,30412.0,271.0,94.0,0.6456,0.6451,0.9983,0.9912
0.195,0.5036073492954055,55288.0,30409.0,274.0,95.0,0.6456,0.6452,0.9983,0.9911
0.196,0.5037123909345887,55287.0,30402.0,281.0,96.0,0.6456,0.6452,0.9983,0.9908
0.197,0.5037088701074288,55283.0,30400.0,283.0,100.0,0.6456,0.6452,0.9982,0.9908
0.198,0.5037379406174913,55279.0,30396.0,287.0,104.0,0.6456,0.6452,0.9981,0.9906
0.199,0.5038339542155791,55277.0,30389.0,294.0,106.0,0.6457,0.6453,0.9981,0.9904
0.2,0.5038665455528016,55277.0,30387.0,296.0,106.0,0.6457,0.6453,0.9981,0.9904
0.201,0.503946263482278,55275.0,30381.0,302.0,108.0,0.6457,0.6453,0.998,0.9902
0.202,0.5039933900745319,55273.0,30377.0,306.0,110.0,0.6458,0.6453,0.998,0.99
0.203,0.5041056993412308,55271.0,30369.0,314.0,112.0,0.6458,0.6454,0.998,0.9898
0.204,0.5041691216020959,55269.0,30364.0,319.0,114.0,0.6459,0.6454,0.9979,0.9896
0.205,0.5042651352001837,55267.0,30357.0,326.0,116.0,0.6459,0.6455,0.9979,0.9894
0.206,0.5043503603435958,55262.0,30349.0,334.0,121.0,0.646,0.6455,0.9978,0.9891
0.207,0.504504288988613,55261.0,30339.0,344.0,122.0,0.6461,0.6456,0.9978,0.9888
0.208,0.5045260918711599,55258.0,30336.0,347.0,125.0,0.6461,0.6456,0.9977,0.9887
0.209,0.5045895141320249,55256.0,30331.0,352.0,127.0,0.6461,0.6456,0.9977,0.9885
0.21,0.5046619644339858,55255.0,30326.0,357.0,128.0,0.6462,0.6456,0.9977,0.9884
0.211,0.5047670060731692,55254.0,30319.0,364.0,129.0,0.6462,0.6457,0.9977,0.9881
0.212,0.5048231607065186,55253.0,30315.0,368.0,130.0,0.6463,0.6457,0.9977,0.988
0.213,0.5048956110084794,55252.0,30310.0,373.0,131.0,0.6463,0.6458,0.9976,0.9878
0.214,0.504877554926288,55250.0,30310.0,373.0,133.0,0.6463,0.6457,0.9976,0.9878
0.215,0.504924681518542,55248.0,30306.0,377.0,135.0,0.6463,0.6458,0.9976,0.9877
0.216,0.5050442584127566,55245.0,30297.0,386.0,138.0,0.6464,0.6458,0.9975,0.9874
0.217,0.5050805965503348,55240.0,30292.0,391.0,143.0,0.6464,0.6458,0.9974,0.9873
0.218,0.5050861037642703,55237.0,30290.0,393.0,146.0,0.6464,0.6458,0.9974,0.9872
0.219,0.5051748497348424,55236.0,30284.0,399.0,147.0,0.6464,0.6459,0.9973,0.987
0.22,0.5052400324092876,55236.0,30280.0,403.0,147.0,0.6465,0.6459,0.9973,0.9869
0.221,0.5053578488899222,55231.0,30270.0,413.0,152.0,0.6465,0.646,0.9973,0.9865
0.222,0.5053182158983796,55223.0,30268.0,415.0,160.0,0.6465,0.646,0.9971,0.9865
0.223,0.5053871453731803,55218.0,30261.0,422.0,165.0,0.6465,0.646,0.997,0.9862
0.224,0.5054560748479812,55213.0,30254.0,429.0,170.0,0.6465,0.646,0.9969,0.986
0.225,0.5055194971088462,55211.0,30249.0,434.0,172.0,0.6465,0.646,0.9969,0.9859
0.226,0.5056082430794183,55210.0,30243.0,440.0,173.0,0.6466,0.6461,0.9969,0.9857
0.227,0.5055884265836471,55206.0,30242.0,441.0,177.0,0.6466,0.6461,0.9968,0.9856
0.228,0.5056681445131235,55204.0,30236.0,447.0,179.0,0.6466,0.6461,0.9968,0.9854
0.229,0.505813045117045,55202.0,30226.0,457.0,181.0,0.6467,0.6462,0.9967,0.9851
0.23,0.505833087586012,55197.0,30222.0,461.0,186.0,0.6467,0.6462,0.9966,0.985
0.231,0.5058819745918458,55197.0,30219.0,464.0,186.0,0.6467,0.6462,0.9966,0.9849
0.232,0.505985255817449,55194.0,30211.0,472.0,189.0,0.6468,0.6463,0.9966,0.9846
0.233,0.5059980306589004,55190.0,30208.0,475.0,193.0,0.6468,0.6463,0.9965,0.9845
0.234,0.5060759881747968,55186.0,30201.0,482.0,197.0,0.6468,0.6463,0.9964,0.9843
0.235,0.5061411708492419,55186.0,30197.0,486.0,197.0,0.6469,0.6463,0.9964,0.9842
0.236,0.5061720017728845,55184.0,30194.0,489.0,199.0,0.6469,0.6463,0.9964,0.9841
0.237,0.5062680153709722,55182.0,30187.0,496.0,201.0,0.6469,0.6464,0.9964,0.9838
0.238,0.506338705259353,55179.0,30181.0,502.0,204.0,0.647,0.6464,0.9963,0.9836
0.239,0.5064600425671476,55178.0,30173.0,510.0,205.0,0.647,0.6465,0.9963,0.9834
0.24,0.5064728174085988,55174.0,30170.0,513.0,209.0,0.647,0.6465,0.9962,0.9833
0.241,0.5064855922500501,55170.0,30167.0,516.0,213.0,0.647,0.6465,0.9962,0.9832
0.242,0.5065545217248509,55165.0,30160.0,523.0,218.0,0.647,0.6465,0.9961,0.983
0.243,0.5066903942876768,55162.0,30150.0,533.0,221.0,0.6471,0.6466,0.996,0.9826
0.244,0.5068352948915983,55160.0,30140.0,543.0,223.0,0.6472,0.6467,0.996,0.9823
0.245,0.5068987171524635,55158.0,30135.0,548.0,225.0,0.6472,0.6467,0.9959,0.9821
0.246,0.5069874631230356,55157.0,30129.0,554.0,226.0,0.6473,0.6467,0.9959,0.9819
0.247,0.5070182940466781,55155.0,30126.0,557.0,228.0,0.6473,0.6467,0.9959,0.9818
0.248,0.5071052796036701,55152.0,30119.0,564.0,231.0,0.6474,0.6468,0.9958,0.9816
0.249,0.5071759694920509,55149.0,30113.0,570.0,234.0,0.6474,0.6468,0.9958,0.9814
0.25,0.5071977723745978,55146.0,30110.0,573.0,237.0,0.6474,0.6468,0.9957,0.9813
0.251,0.5072955463862655,55146.0,30104.0,579.0,237.0,0.6475,0.6469,0.9957,0.9811
0.252,0.5073825319432576,55143.0,30097.0,586.0,240.0,0.6475,0.6469,0.9957,0.9809
0.253,0.5074386865766071,55142.0,30093.0,590.0,241.0,0.6475,0.6469,0.9956,0.9808
0.254,0.5075184045060835,55140.0,30087.0,596.0,243.0,0.6476,0.647,0.9956,0.9806
0.255,0.507639741813878,55139.0,30079.0,604.0,244.0,0.6477,0.647,0.9956,0.9803
0.256,0.5077538114941571,55139.0,30072.0,611.0,244.0,0.6478,0.6471,0.9956,0.9801
0.257,0.5078425574647292,55138.0,30066.0,617.0,245.0,0.6478,0.6471,0.9956,0.9799
0.258,0.5079694019864595,55134.0,30056.0,627.0,249.0,0.6479,0.6472,0.9955,0.9796
0.259,0.5082338794845955,55129.0,30037.0,646.0,254.0,0.648,0.6473,0.9954,0.9789
0.26,0.5083787800885171,55127.0,30027.0,656.0,256.0,0.6481,0.6474,0.9954,0.9786
0.261,0.5084983569827317,55124.0,30018.0,665.0,259.0,0.6482,0.6474,0.9953,0.9783
0.262,0.5085256670792142,55118.0,30013.0,670.0,265.0,0.6482,0.6474,0.9952,0.9782
0.263,0.5086868633517472,55116.0,30002.0,681.0,267.0,0.6483,0.6475,0.9952,0.9778
0.264,0.5087575532401278,55113.0,29996.0,687.0,270.0,0.6483,0.6476,0.9951,0.9776
0.265,0.5088681020932468,55109.0,29987.0,696.0,274.0,0.6484,0.6476,0.9951,0.9773
0.266,0.5089876789874614,55106.0,29978.0,705.0,277.0,0.6485,0.6477,0.995,0.977
0.267,0.5090982278405805,55102.0,29969.0,714.0,281.0,0.6485,0.6477,0.9949,0.9767
0.268,0.5092757197817246,55100.0,29957.0,726.0,283.0,0.6486,0.6478,0.9949,0.9763
0.269,0.5093644657522967,55099.0,29951.0,732.0,284.0,0.6487,0.6478,0.9949,0.9761
0.27,0.5094913102740268,55095.0,29941.0,742.0,288.0,0.6488,0.6479,0.9948,0.9758
0.271,0.5095474649073763,55094.0,29937.0,746.0,289.0,0.6488,0.6479,0.9948,0.9757
0.272,0.509667041801591,55091.0,29928.0,755.0,292.0,0.6489,0.648,0.9947,0.9754
0.273,0.5098101819919325,55087.0,29917.0,766.0,296.0,0.649,0.6481,0.9947,0.975
0.274,0.5098718438392177,55083.0,29911.0,772.0,300.0,0.649,0.6481,0.9946,0.9748
0.275,0.5098936467217646,55080.0,29908.0,775.0,303.0,0.649,0.6481,0.9945,0.9747
0.276,0.5100458149532017,55077.0,29897.0,786.0,306.0,0.6491,0.6482,0.9945,0.9744
0.277,0.5101581242199007,55075.0,29889.0,794.0,308.0,0.6491,0.6482,0.9944,0.9741
0.278,0.5103411233749805,55070.0,29875.0,808.0,313.0,0.6492,0.6483,0.9943,0.9737
0.279,0.5104679678967107,55066.0,29865.0,818.0,317.0,0.6493,0.6484,0.9943,0.9733
0.28,0.5105441649990272,55060.0,29857.0,826.0,323.0,0.6493,0.6484,0.9942,0.9731
0.281,0.5106782771482731,55055.0,29846.0,837.0,328.0,0.6494,0.6485,0.9941,0.9727
0.282,0.5108394734208059,55053.0,29835.0,848.0,330.0,0.6495,0.6485,0.994,0.9724
0.283,0.51101520494837,55049.0,29822.0,861.0,334.0,0.6496,0.6486,0.994,0.9719
0.284,0.5111184861739733,55046.0,29814.0,869.0,337.0,0.6497,0.6487,0.9939,0.9717
0.285,0.5111964436898697,55042.0,29807.0,876.0,341.0,0.6497,0.6487,0.9938,0.9714
0.286,0.5113922176864008,55033.0,29790.0,893.0,350.0,0.6498,0.6488,0.9937,0.9709
0.287,0.5115117945806154,55030.0,29781.0,902.0,353.0,0.6499,0.6489,0.9936,0.9706
0.288,0.5115807240554161,55025.0,29774.0,909.0,358.0,0.6499,0.6489,0.9935,0.9704
0.289,0.5117491879554645,55022.0,29762.0,921.0,361.0,0.65,0.649,0.9935,0.97
0.29,0.5118326526852967,55015.0,29753.0,930.0,368.0,0.65,0.649,0.9934,0.9697
0.291,0.5119685252481225,55012.0,29743.0,940.0,371.0,0.6501,0.6491,0.9933,0.9694
0.292,0.5121279611070755,55008.0,29731.0,952.0,375.0,0.6502,0.6491,0.9932,0.969
0.293,0.5122711012974169,55004.0,29720.0,963.0,379.0,0.6503,0.6492,0.9932,0.9686
0.294,0.5124215091152741,54999.0,29708.0,975.0,384.0,0.6504,0.6493,0.9931,0.9682
0.295,0.5124234955020498,54992.0,29704.0,979.0,391.0,0.6503,0.6493,0.9929,0.9681
0.296,0.5125884385749382,54985.0,29690.0,993.0,398.0,0.6504,0.6494,0.9928,0.9676
0.297,0.5127877333986293,54980.0,29675.0,1008.0,403.0,0.6505,0.6495,0.9927,0.9671
0.298,0.5130050843045116,54977.0,29660.0,1023.0,406.0,0.6507,0.6496,0.9927,0.9667
0.299,0.5131048447029549,54970.0,29650.0,1033.0,413.0,0.6507,0.6496,0.9925,0.9663
0.3,0.513251731693652,54961.0,29636.0,1047.0,422.0,0.6508,0.6497,0.9924,0.9659
0.301,0.5135415329014952,54957.0,29616.0,1067.0,426.0,0.6509,0.6498,0.9923,0.9652
0.302,0.513583378253009,54949.0,29609.0,1074.0,434.0,0.6509,0.6498,0.9922,0.965
0.303,0.513666842982841,54942.0,29600.0,1083.0,441.0,0.651,0.6499,0.992,0.9647
0.304,0.5137575753401887,54934.0,29590.0,1093.0,449.0,0.651,0.6499,0.9919,0.9644
0.305,0.5140220528383248,54929.0,29571.0,1112.0,454.0,0.6511,0.65,0.9918,0.9638
0.306,0.5142068124069846,54926.0,29558.0,1125.0,457.0,0.6513,0.6501,0.9917,0.9633
0.307,0.5143156008465236,54920.0,29548.0,1135.0,463.0,0.6513,0.6502,0.9916,0.963
0.308,0.5144552202097051,54912.0,29535.0,1148.0,471.0,0.6514,0.6503,0.9915,0.9626
0.309,0.5145712762767597,54905.0,29524.0,1159.0,478.0,0.6514,0.6503,0.9914,0.9622
0.31,0.5147723315140308,54902.0,29510.0,1173.0,481.0,0.6515,0.6504,0.9913,0.9618
0.311,0.5148575566574428,54897.0,29502.0,1181.0,486.0,0.6516,0.6504,0.9912,0.9615
0.312,0.5149700918973374,54886.0,29489.0,1194.0,497.0,0.6516,0.6505,0.991,0.9611
0.313,0.5150680918822008,54877.0,29478.0,1205.0,506.0,0.6516,0.6505,0.9909,0.9607
0.314,0.5151623450667085,54873.0,29470.0,1213.0,510.0,0.6517,0.6506,0.9908,0.9605
0.315,0.515280161547343,54868.0,29460.0,1223.0,515.0,0.6517,0.6506,0.9907,0.9601
0.316,0.5154468650338115,54863.0,29447.0,1236.0,520.0,0.6518,0.6507,0.9906,0.9597
0.317,0.5155864843969931,54855.0,29434.0,1249.0,528.0,0.6519,0.6508,0.9905,0.9593
0.318,0.5158038353028753,54852.0,29419.0,1264.0,531.0,0.652,0.6509,0.9904,0.9588
0.319,0.515896328073803,54846.0,29410.0,1273.0,537.0,0.652,0.6509,0.9903,0.9585
0.32,0.5160775668153028,54839.0,29395.0,1288.0,544.0,0.6521,0.651,0.9902,0.958
0.321,0.5161176517532367,54829.0,29387.0,1296.0,554.0,0.6521,0.6511,0.99,0.9578
0.322,0.5163495379141503,54824.0,29370.0,1313.0,559.0,0.6523,0.6512,0.9899,0.9572
0.323,0.5164675803679805,54810.0,29355.0,1328.0,573.0,0.6523,0.6512,0.9897,0.9567
0.324,0.5166254817865489,54795.0,29337.0,1346.0,588.0,0.6523,0.6513,0.9894,0.9561
0.325,0.5167016788888653,54789.0,29329.0,1354.0,594.0,0.6523,0.6513,0.9893,0.9559
0.326,0.5169009737125564,54784.0,29314.0,1369.0,599.0,0.6524,0.6514,0.9892,0.9554
0.327,0.5170949872955074,54773.0,29296.0,1387.0,610.0,0.6525,0.6515,0.989,0.9548
0.328,0.5171676635706638,54763.0,29286.0,1397.0,620.0,0.6525,0.6516,0.9888,0.9545
0.329,0.5173180713885209,54758.0,29274.0,1409.0,625.0,0.6526,0.6516,0.9887,0.9541
0.33,0.517401536118353,54751.0,29265.0,1418.0,632.0,0.6526,0.6517,0.9886,0.9538
0.331,0.5175230993993433,54741.0,29252.0,1431.0,642.0,0.6527,0.6517,0.9884,0.9534
0.332,0.5176898028858118,54736.0,29239.0,1444.0,647.0,0.6528,0.6518,0.9883,0.9529
0.333,0.5178838164687627,54725.0,29221.0,1462.0,658.0,0.6528,0.6519,0.9881,0.9524
0.334,0.5180795904652937,54716.0,29204.0,1479.0,667.0,0.6529,0.652,0.988,0.9518
0.335,0.5182011537462841,54706.0,29191.0,1492.0,677.0,0.653,0.6521,0.9878,0.9514
0.336,0.5182429990977978,54698.0,29184.0,1499.0,685.0,0.653,0.6521,0.9876,0.9511
0.337,0.5184044213435264,54687.0,29168.0,1515.0,696.0,0.653,0.6522,0.9874,0.9506
0.338,0.518609223381153,54679.0,29151.0,1532.0,704.0,0.6531,0.6523,0.9873,0.9501
0.339,0.518913785817223,54664.0,29124.0,1559.0,719.0,0.6533,0.6524,0.987,0.9492
0.34,0.5191927985703905,54657.0,29103.0,1580.0,726.0,0.6534,0.6525,0.9869,0.9485
0.341,0.5192220950536486,54644.0,29094.0,1589.0,739.0,0.6534,0.6526,0.9867,0.9482
0.342,0.5194848121382049,54637.0,29074.0,1609.0,746.0,0.6535,0.6527,0.9865,0.9476
0.343,0.5197728529324679,54631.0,29053.0,1630.0,752.0,0.6537,0.6528,0.9864,0.9469
0.344,0.5199505708468076,54620.0,29036.0,1647.0,763.0,0.6538,0.6529,0.9862,0.9463
0.345,0.5201210211336317,54610.0,29020.0,1663.0,773.0,0.6538,0.653,0.986,0.9458
0.346,0.5203368375991297,54596.0,28999.0,1684.0,787.0,0.6539,0.6531,0.9858,0.9451
0.347,0.5204819641762469,54585.0,28984.0,1699.0,798.0,0.654,0.6532,0.9856,0.9446
0.348,0.5207231043514517,54572.0,28962.0,1721.0,811.0,0.6541,0.6533,0.9854,0.9439
0.349,0.5209732725677523,54560.0,28940.0,1743.0,823.0,0.6542,0.6534,0.9851,0.9432
0.35,0.5211547372824477,54544.0,28920.0,1763.0,839.0,0.6542,0.6535,0.9849,0.9425
0.351,0.5213993982848124,54535.0,28900.0,1783.0,848.0,0.6544,0.6536,0.9847,0.9419
0.352,0.5215698485716366,54525.0,28884.0,1799.0,858.0,0.6544,0.6537,0.9845,0.9414
0.353,0.5217495528727519,54507.0,28863.0,1820.0,876.0,0.6545,0.6538,0.9842,0.9407
0.354,0.5218332435757796,54491.0,28849.0,1834.0,892.0,0.6544,0.6538,0.9839,0.9402
0.355,0.522108735501787,54480.0,28826.0,1857.0,903.0,0.6546,0.654,0.9837,0.9395
0.356,0.5223897346417302,54466.0,28801.0,1882.0,917.0,0.6547,0.6541,0.9834,0.9387
0.357,0.5226343956440951,54457.0,28781.0,1902.0,926.0,0.6548,0.6542,0.9833,0.938
0.358,0.5229026199425869,54447.0,28759.0,1924.0,936.0,0.655,0.6544,0.9831,0.9373
0.359,0.5230098739417414,54430.0,28743.0,1940.0,953.0,0.655,0.6544,0.9828,0.9368
0.36,0.5232111551522081,54418.0,28724.0,1959.0,965.0,0.655,0.6545,0.9826,0.9362
0.361,0.5234811398642799,54410.0,28703.0,1980.0,973.0,0.6552,0.6547,0.9824,0.9355
0.362,0.5236480693239439,54396.0,28685.0,1998.0,987.0,0.6552,0.6547,0.9822,0.9349
0.363,0.5238475901208306,54382.0,28665.0,2018.0,1001.0,0.6553,0.6548,0.9819,0.9342
0.364,0.5241032655510668,54367.0,28641.0,2042.0,1016.0,0.6554,0.655,0.9817,0.9334
0.365,0.5242393640870883,54355.0,28626.0,2057.0,1028.0,0.6555,0.655,0.9814,0.933
0.366,0.5243538857137585,54337.0,28609.0,2074.0,1046.0,0.6554,0.6551,0.9811,0.9324
0.367,0.5245027590912313,54321.0,28591.0,2092.0,1062.0,0.6555,0.6552,0.9808,0.9318
0.368,0.5246516324687042,54305.0,28573.0,2110.0,1078.0,0.6555,0.6552,0.9805,0.9312
0.369,0.5250504480892819,54286.0,28538.0,2145.0,1097.0,0.6557,0.6554,0.9802,0.9301
0.37,0.5253660249532232,54265.0,28507.0,2176.0,1118.0,0.6558,0.6556,0.9798,0.9291
0.371,0.5255710529640455,54248.0,28485.0,2198.0,1135.0,0.6558,0.6557,0.9795,0.9284
0.372,0.5258177003531859,54232.0,28461.0,2222.0,1151.0,0.6559,0.6558,0.9792,0.9276
0.373,0.5260751361970021,54219.0,28438.0,2245.0,1164.0,0.6561,0.656,0.979,0.9268
0.374,0.5264556697621928,54207.0,28408.0,2275.0,1176.0,0.6563,0.6561,0.9788,0.9259
0.375,0.5268344429138037,54193.0,28377.0,2306.0,1190.0,0.6565,0.6563,0.9785,0.9248
0.376,0.5271878923557075,54178.0,28347.0,2336.0,1205.0,0.6566,0.6565,0.9782,0.9239
0.377,0.5274525958270393,54164.0,28323.0,2360.0,1219.0,0.6568,0.6566,0.978,0.9231
0.378,0.5275400333304225,54143.0,28306.0,2377.0,1240.0,0.6567,0.6567,0.9776,0.9225
0.379,0.5279390749241959,54115.0,28266.0,2417.0,1268.0,0.6568,0.6569,0.9771,0.9212
0.38,0.5281388216942782,54092.0,28241.0,2442.0,1291.0,0.6569,0.657,0.9767,0.9204
0.381,0.5284290748485124,54070.0,28211.0,2472.0,1313.0,0.657,0.6571,0.9763,0.9194
0.382,0.5287265956302625,54047.0,28180.0,2503.0,1336.0,0.6571,0.6573,0.9759,0.9184
0.383,0.5290782846585864,54030.0,28149.0,2534.0,1353.0,0.6572,0.6575,0.9756,0.9174
0.384,0.5292815522558286,54011.0,28126.0,2557.0,1372.0,0.6573,0.6576,0.9752,0.9167
0.385,0.5295500025275162,53992.0,28099.0,2584.0,1391.0,0.6574,0.6577,0.9749,0.9158
0.386,0.5297098903328602,53970.0,28077.0,2606.0,1413.0,0.6574,0.6578,0.9745,0.9151
0.387,0.530063339774764,53955.0,28047.0,2636.0,1428.0,0.6575,0.658,0.9742,0.9141
0.388,0.530252072116975,53938.0,28026.0,2657.0,1445.0,0.6576,0.6581,0.9739,0.9134
0.389,0.5304335368316704,53922.0,28006.0,2677.0,1461.0,0.6576,0.6582,0.9736,0.9128
0.39,0.5305154671211181,53904.0,27991.0,2692.0,1479.0,0.6576,0.6582,0.9733,0.9123
0.391,0.5307478052284229,53881.0,27964.0,2719.0,1502.0,0.6576,0.6583,0.9729,0.9114
0.392,0.5309620872535366,53856.0,27937.0,2746.0,1527.0,0.6577,0.6584,0.9724,0.9105
0.393,0.53117284845149,53827.0,27908.0,2775.0,1556.0,0.6577,0.6586,0.9719,0.9096
0.394,0.5314285238817262,53812.0,27884.0,2799.0,1571.0,0.6578,0.6587,0.9716,0.9088
0.395,0.53177669208289,53791.0,27851.0,2832.0,1592.0,0.6579,0.6589,0.9713,0.9077
0.396,0.5320922689468314,53770.0,27820.0,2863.0,1613.0,0.658,0.659,0.9709,0.9067
0.397,0.5328163673920328,53704.0,27739.0,2944.0,1679.0,0.6582,0.6594,0.9697,0.9041
0.398,0.5333004081560226,53680.0,27696.0,2987.0,1703.0,0.6584,0.6597,0.9693,0.9026
0.399,0.5336067310056725,53667.0,27670.0,3013.0,1716.0,0.6586,0.6598,0.969,0.9018
0.4,0.533848097154073,53645.0,27643.0,3040.0,1738.0,0.6586,0.6599,0.9686,0.9009
0.401,0.5340676604199266,53626.0,27619.0,3064.0,1757.0,0.6587,0.6601,0.9683,0.9001
0.402,0.5343651812016766,53603.0,27588.0,3095.0,1780.0,0.6588,0.6602,0.9679,0.8991
0.403,0.5348166306284438,53579.0,27547.0,3136.0,1804.0,0.659,0.6604,0.9674,0.8978
0.404,0.5351249398648693,53559.0,27517.0,3166.0,1824.0,0.6591,0.6606,0.9671,0.8968
0.405,0.5353953765233325,53533.0,27486.0,3197.0,1850.0,0.6591,0.6607,0.9666,0.8958
0.406,0.5358666424458709,53513.0,27446.0,3237.0,1870.0,0.6594,0.661,0.9662,0.8945
0.407,0.5361899388837191,53473.0,27404.0,3279.0,1910.0,0.6594,0.6612,0.9655,0.8931
0.408,0.5365762056360411,53449.0,27367.0,3316.0,1934.0,0.6596,0.6614,0.9651,0.8919
0.409,0.5369263602239807,53421.0,27330.0,3353.0,1962.0,0.6597,0.6616,0.9646,0.8907
0.41,0.5372928104805313,53393.0,27292.0,3391.0,1990.0,0.6598,0.6617,0.9641,0.8895
0.411,0.5377713440305855,53372.0,27251.0,3432.0,2011.0,0.66,0.662,0.9637,0.8881
0.412,0.5382175122166126,53342.0,27207.0,3476.0,2041.0,0.6602,0.6622,0.9631,0.8867
0.413,0.5383758655815724,53309.0,27179.0,3504.0,2074.0,0.6601,0.6623,0.9626,0.8858
0.414,0.5385342189465321,53276.0,27151.0,3532.0,2107.0,0.6601,0.6624,0.962,0.8849
0.415,0.5389440489949809,53251.0,27112.0,3571.0,2132.0,0.6602,0.6626,0.9615,0.8836
0.416,0.5392019367851884,53220.0,27079.0,3604.0,2163.0,0.6602,0.6628,0.9609,0.8825
0.417,0.5393241779857656,53183.0,27051.0,3632.0,2200.0,0.6601,0.6628,0.9603,0.8816
0.418,0.5397703461717926,53153.0,27007.0,3676.0,2230.0,0.6603,0.6631,0.9597,0.8802
0.419,0.5401275424140521,53133.0,26974.0,3709.0,2250.0,0.6604,0.6633,0.9594,0.8791
0.42,0.5407358107653947,53065.0,26899.0,3784.0,2318.0,0.6605,0.6636,0.9581,0.8767
0.421,0.5412885550309896,53045.0,26854.0,3829.0,2338.0,0.6608,0.6639,0.9578,0.8752
0.422,0.5417184275484055,53015.0,26811.0,3872.0,2368.0,0.661,0.6641,0.9572,0.8738
0.423,0.5420577936816693,52984.0,26773.0,3910.0,2399.0,0.6611,0.6643,0.9567,0.8726
0.424,0.5424044274424487,52952.0,26734.0,3949.0,2431.0,0.6611,0.6645,0.9561,0.8713
0.425,0.5426535131647562,52911.0,26696.0,3987.0,2472.0,0.6611,0.6647,0.9554,0.8701
0.426,0.5434046957332446,52848.0,26615.0,4068.0,2535.0,0.6613,0.6651,0.9542,0.8674
0.427,0.5437352597986084,52807.0,26572.0,4111.0,2576.0,0.6613,0.6653,0.9535,0.866
0.428,0.5440728655182921,52774.0,26533.0,4150.0,2609.0,0.6614,0.6654,0.9529,0.8647
0.429,0.5445914840062801,52743.0,26484.0,4199.0,2640.0,0.6616,0.6657,0.9523,0.8631
0.43,0.544925568898804,52706.0,26443.0,4240.0,2677.0,0.6617,0.6659,0.9517,0.8618
0.431,0.5453173428650616,52679.0,26404.0,4279.0,2704.0,0.6618,0.6661,0.9512,0.8605
0.432,0.5457672578514444,52644.0,26357.0,4326.0,2739.0,0.6619,0.6664,0.9505,0.859
0.433,0.545923850802824,52609.0,26328.0,4355.0,2774.0,0.6619,0.6665,0.9499,0.8581
0.434,0.5461641344572314,52558.0,26285.0,4398.0,2825.0,0.6618,0.6666,0.949,0.8567
0.435,0.5465986576677855,52487.0,26219.0,4464.0,2896.0,0.6617,0.6669,0.9477,0.8545
0.436,0.5469475037885362,52439.0,26171.0,4512.0,2944.0,0.6617,0.6671,0.9468,0.8529
0.437,0.5475007000005223,52401.0,26116.0,4567.0,2982.0,0.6619,0.6674,0.9462,0.8512
0.438,0.5476775613940646,52352.0,26078.0,4605.0,3031.0,0.6618,0.6675,0.9453,0.8499
0.439,0.548375884183168,52303.0,26008.0,4675.0,3080.0,0.662,0.6679,0.9444,0.8476
0.44,0.5489398688498297,52268.0,25954.0,4729.0,3115.0,0.6622,0.6682,0.9438,0.8459
0.441,0.54965471328074,52210.0,25878.0,4805.0,3173.0,0.6625,0.6686,0.9427,0.8434
0.442,0.5498985177623074,52163.0,25837.0,4846.0,3220.0,0.6624,0.6688,0.9419,0.8421
0.443,0.5500247317364357,52112.0,25801.0,4882.0,3271.0,0.6622,0.6688,0.9409,0.8409
0.444,0.5503390001331883,52071.0,25759.0,4924.0,3312.0,0.6622,0.669,0.9402,0.8395
0.445,0.55089066190479,52022.0,25698.0,4985.0,3361.0,0.6624,0.6694,0.9393,0.8375
0.446,0.5515561673834751,51982.0,25635.0,5048.0,3401.0,0.6626,0.6697,0.9386,0.8355
0.447,0.5518506192844563,51937.0,25592.0,5091.0,3446.0,0.6626,0.6699,0.9378,0.8341
0.448,0.5523839990006711,51895.0,25536.0,5147.0,3488.0,0.6628,0.6702,0.937,0.8323
0.449,0.5529306055047285,51831.0,25467.0,5216.0,3552.0,0.6628,0.6705,0.9359,0.83
0.45,0.5535236606814529,51792.0,25409.0,5274.0,3591.0,0.663,0.6709,0.9352,0.8281
0.451,0.5545087157976306,51717.0,25307.0,5376.0,3666.0,0.6634,0.6714,0.9338,0.8248
0.452,0.5552861259686084,51619.0,25205.0,5478.0,3764.0,0.6634,0.6719,0.932,0.8215
0.453,0.5558283077527233,51587.0,25154.0,5529.0,3796.0,0.6636,0.6722,0.9315,0.8198
0.454,0.5564504334395103,51544.0,25092.0,5591.0,3839.0,0.6639,0.6726,0.9307,0.8178
0.455,0.5570615446984258,51507.0,25034.0,5649.0,3876.0,0.6641,0.6729,0.93,0.8159
0.456,0.5595921661422678,51244.0,24733.0,5950.0,4139.0,0.6645,0.6745,0.9253,0.8061
0.457,0.5603356291368494,51200.0,24663.0,6020.0,4183.0,0.6648,0.6749,0.9245,0.8038
0.458,0.5608659399722955,51136.0,24595.0,6088.0,4247.0,0.6649,0.6752,0.9233,0.8016
0.459,0.5613905176206104,51084.0,24534.0,6149.0,4299.0,0.665,0.6756,0.9224,0.7996
0.46,0.5620743051546824,51037.0,24466.0,6217.0,4346.0,0.6652,0.676,0.9215,0.7974
0.461,0.5625517562107434,50987.0,24409.0,6274.0,4396.0,0.6653,0.6763,0.9206,0.7955
0.462,0.5633042472464205,50944.0,24339.0,6344.0,4439.0,0.6656,0.6767,0.9198,0.7932
0.463,0.5639173448921118,50900.0,24277.0,6406.0,4483.0,0.6658,0.6771,0.9191,0.7912
0.464,0.5644912614926517,50830.0,24203.0,6480.0,4553.0,0.6659,0.6774,0.9178,0.7888
0.465,0.5646119682528445,50782.0,24169.0,6514.0,4601.0,0.6657,0.6775,0.9169,0.7877
0.466,0.5651880972133557,50696.0,24086.0,6597.0,4687.0,0.6657,0.6779,0.9154,0.785
0.467,0.5658773919613633,50646.0,24016.0,6667.0,4737.0,0.6659,0.6783,0.9145,0.7827
0.468,0.5664455753747721,50588.0,23949.0,6734.0,4795.0,0.666,0.6787,0.9134,0.7805
0.469,0.5669448293133799,50535.0,23889.0,6794.0,4848.0,0.6661,0.679,0.9125,0.7786
0.47,0.5674713933484703,50476.0,23824.0,6859.0,4907.0,0.6662,0.6794,0.9114,0.7765
0.471,0.567961393272787,50431.0,23769.0,6914.0,4952.0,0.6663,0.6797,0.9106,0.7747
0.472,0.5683087049531533,50372.0,23715.0,6968.0,5011.0,0.6662,0.6799,0.9095,0.7729
0.473,0.5687066640529336,50315.0,23659.0,7024.0,5068.0,0.6662,0.6802,0.9085,0.7711
0.474,0.5699403529450274,50217.0,23529.0,7154.0,5166.0,0.6666,0.6809,0.9067,0.7668
0.475,0.5705305652141786,50147.0,23454.0,7229.0,5236.0,0.6667,0.6813,0.9055,0.7644
0.476,0.5709355659682788,50098.0,23402.0,7281.0,5285.0,0.6667,0.6816,0.9046,0.7627
0.477,0.571416989797891,50034.0,23337.0,7346.0,5349.0,0.6667,0.6819,0.9034,0.7606
0.478,0.5719109624957589,49975.0,23274.0,7409.0,5408.0,0.6667,0.6823,0.9024,0.7585
0.479,0.572471878281652,49918.0,23208.0,7475.0,5465.0,0.6668,0.6826,0.9013,0.7564
0.48,0.5730999631287658,49854.0,23134.0,7549.0,5529.0,0.667,0.683,0.9002,0.754
0.481,0.5739451729085662,49796.0,23050.0,7633.0,5587.0,0.6673,0.6836,0.8991,0.7512
0.482,0.574607383533287,49743.0,22980.0,7703.0,5640.0,0.6675,0.684,0.8982,0.7489
0.483,0.5751830605474069,49675.0,22907.0,7776.0,5708.0,0.6675,0.6844,0.8969,0.7466
0.484,0.5755305982009689,49607.0,22848.0,7835.0,5776.0,0.6674,0.6847,0.8957,0.7446
0.485,0.5760976991203844,49520.0,22765.0,7918.0,5863.0,0.6674,0.6851,0.8941,0.7419
0.486,0.5768709105446155,49445.0,22676.0,8007.0,5938.0,0.6675,0.6856,0.8928,0.739
0.487,0.577375671697159,49389.0,22614.0,8069.0,5994.0,0.6676,0.6859,0.8918,0.737
0.488,0.5780345874679154,49323.0,22537.0,8146.0,6060.0,0.6677,0.6864,0.8906,0.7345
0.489,0.5791123613282163,49233.0,22421.0,8262.0,6150.0,0.668,0.6871,0.889,0.7307
0.49,0.5797186432927832,49172.0,22350.0,8333.0,6211.0,0.6682,0.6875,0.8879,0.7284
0.491,0.579879886937301,49096.0,22298.0,8385.0,6287.0,0.6679,0.6877,0.8865,0.7267
0.492,0.580490819595006,48994.0,22204.0,8479.0,6389.0,0.6678,0.6881,0.8846,0.7237
0.493,0.5810158491897122,48924.0,22133.0,8550.0,6459.0,0.6678,0.6885,0.8834,0.7213
0.494,0.5822469211474284,48786.0,21981.0,8702.0,6597.0,0.668,0.6894,0.8809,0.7164
0.495,0.5827827391968101,48719.0,21911.0,8772.0,6664.0,0.668,0.6898,0.8797,0.7141
0.496,0.5832789242546492,48644.0,21839.0,8844.0,6739.0,0.668,0.6902,0.8783,0.7118
0.497,0.5839867270312395,48578.0,21759.0,8924.0,6805.0,0.6681,0.6906,0.8771,0.7092
0.498,0.5846330939337401,48507.0,21680.0,9003.0,6876.0,0.6682,0.6911,0.8758,0.7066
0.499,0.5851686860099263,48449.0,21615.0,9068.0,6934.0,0.6683,0.6915,0.8748,0.7045
0.5,0.5857091547524462,48341.0,21522.0,9161.0,7042.0,0.6681,0.6919,0.8728,0.7014
0.501,0.5864151971154564,48273.0,21441.0,9242.0,7110.0,0.6683,0.6924,0.8716,0.6988
0.502,0.5869327331094512,48213.0,21376.0,9307.0,7170.0,0.6683,0.6928,0.8705,0.6967
0.503,0.5871483709737385,48134.0,21319.0,9364.0,7249.0,0.6681,0.693,0.8691,0.6948
0.504,0.5877733869400836,48048.0,21233.0,9450.0,7335.0,0.6681,0.6935,0.8676,0.692
0.505,0.5882876280801139,47975.0,21161.0,9522.0,7408.0,0.6681,0.6939,0.8662,0.6897
0.506,0.588740433346055,47897.0,21090.0,9593.0,7486.0,0.668,0.6943,0.8648,0.6874
0.507,0.5894691824843946,47790.0,20986.0,9697.0,7593.0,0.6679,0.6949,0.8629,0.684
0.508,0.5900325366034544,47708.0,20906.0,9777.0,7675.0,0.6679,0.6953,0.8614,0.6814
0.509,0.5907462985403716,47621.0,20814.0,9869.0,7762.0,0.668,0.6959,0.8598,0.6784
0.51,0.591043640720911,47533.0,20747.0,9936.0,7850.0,0.6677,0.6961,0.8583,0.6762
0.511,0.5917853906738975,47413.0,20635.0,10048.0,7970.0,0.6676,0.6968,0.8561,0.6725
0.512,0.5925639307108534,47270.0,20508.0,10175.0,8113.0,0.6675,0.6974,0.8535,0.6684
0.513,0.5932779186209662,47174.0,20411.0,10272.0,8209.0,0.6675,0.698,0.8518,0.6652
0.514,0.5939606236610452,47098.0,20327.0,10356.0,8285.0,0.6676,0.6985,0.8504,0.6625
0.515,0.5944863311753381,47001.0,20241.0,10442.0,8382.0,0.6674,0.699,0.8487,0.6597
0.516,0.5954681388095364,46839.0,20091.0,10592.0,8544.0,0.6673,0.6998,0.8457,0.6548
0.517,0.5962990866794863,46700.0,19963.0,10720.0,8683.0,0.6672,0.7005,0.8432,0.6506
0.518,0.5970091018160478,46618.0,19874.0,10809.0,8765.0,0.6672,0.7011,0.8417,0.6477
0.519,0.5974661058287356,46517.0,19790.0,10893.0,8866.0,0.667,0.7015,0.8399,0.645
0.52,0.5978944912777522,46402.0,19700.0,10983.0,8981.0,0.6668,0.702,0.8378,0.642
0.521,0.5983792573333138,46277.0,19601.0,11082.0,9106.0,0.6665,0.7025,0.8356,0.6388
0.522,0.5991165825663578,46189.0,19507.0,11176.0,9194.0,0.6665,0.7031,0.834,0.6358
0.523,0.5996929375000646,46094.0,19419.0,11264.0,9289.0,0.6664,0.7036,0.8323,0.6329
0.524,0.6007940960552819,45938.0,19265.0,11418.0,9445.0,0.6664,0.7045,0.8295,0.6279
0.525,0.6012312835721985,45833.0,19180.0,11503.0,9550.0,0.6662,0.705,0.8276,0.6251
0.526,0.6020452578539501,45721.0,19068.0,11615.0,9662.0,0.6662,0.7057,0.8255,0.6215
0.527,0.6031111607655824,45599.0,18935.0,11748.0,9784.0,0.6663,0.7066,0.8233,0.6171
0.528,0.6037379845174924,45441.0,18809.0,11874.0,9942.0,0.6659,0.7073,0.8205,0.613
0.529,0.60496598759444,45281.0,18645.0,12038.0,10102.0,0.666,0.7083,0.8176,0.6077
0.53,0.6057504867917228,45117.0,18506.0,12177.0,10266.0,0.6657,0.7091,0.8146,0.6031
0.531,0.6061929555493794,45018.0,18424.0,12259.0,10365.0,0.6655,0.7096,0.8128,0.6005
0.532,0.6066431438809428,44900.0,18331.0,12352.0,10483.0,0.6652,0.7101,0.8107,0.5974
0.533,0.6073697280312963,44735.0,18195.0,12488.0,10648.0,0.6649,0.7109,0.8077,0.593
0.534,0.6082812503515199,44632.0,18082.0,12601.0,10751.0,0.665,0.7117,0.8059,0.5893
0.535,0.6092707301876401,44525.0,17962.0,12721.0,10858.0,0.6651,0.7125,0.8039,0.5854
0.536,0.6102549761550053,44338.0,17798.0,12885.0,11045.0,0.6649,0.7136,0.8006,0.5801
0.537,0.6113279680929425,44150.0,17628.0,13055.0,11233.0,0.6647,0.7147,0.7972,0.5745
0.538,0.6119979456635553,44004.0,17506.0,13177.0,11379.0,0.6644,0.7154,0.7945,0.5705
0.539,0.6129258110243753,43827.0,17351.0,13332.0,11556.0,0.6641,0.7164,0.7913,0.5655
0.54,0.6134572517257995,43718.0,17258.0,13425.0,11665.0,0.6639,0.717,0.7894,0.5625
0.541,0.6143181266266096,43613.0,17147.0,13536.0,11770.0,0.664,0.7178,0.7875,0.5588
0.542,0.6152805223394426,43503.0,17027.0,13656.0,11880.0,0.6641,0.7187,0.7855,0.5549
0.543,0.6155047836704194,43369.0,16939.0,13744.0,12014.0,0.6636,0.7191,0.7831,0.5521
0.544,0.6183931589336118,42559.0,16313.0,14370.0,12824.0,0.6615,0.7229,0.7684,0.5317
0.545,0.6191978792010722,42455.0,16206.0,14477.0,12928.0,0.6615,0.7237,0.7666,0.5282
0.546,0.6196406213039094,42273.0,16078.0,14605.0,13110.0,0.6609,0.7245,0.7633,0.524
0.547,0.620134189427371,42158.0,15984.0,14699.0,13225.0,0.6606,0.7251,0.7612,0.5209
0.548,0.6208360804156194,42039.0,15875.0,14808.0,13344.0,0.6605,0.7259,0.7591,0.5174
0.549,0.6212624794778602,41931.0,15789.0,14894.0,13452.0,0.6602,0.7265,0.7571,0.5146
0.55,0.6217194834905482,41830.0,15705.0,14978.0,13553.0,0.6601,0.727,0.7553,0.5118
0.551,0.6228322031639979,41502.0,15455.0,15228.0,13881.0,0.6591,0.7287,0.7494,0.5037
0.552,0.6236774603157834,41370.0,15330.0,15353.0,14013.0,0.6591,0.7296,0.747,0.4996
0.553,0.6242362111136903,41255.0,15232.0,15451.0,14128.0,0.6589,0.7303,0.7449,0.4964
0.554,0.6248465132237934,41106.0,15112.0,15571.0,14277.0,0.6585,0.7312,0.7422,0.4925
0.555,0.6252603634177787,40993.0,15024.0,15659.0,14390.0,0.6582,0.7318,0.7402,0.4897
0.556,0.6261425892547443,40903.0,14920.0,15763.0,14480.0,0.6584,0.7327,0.7385,0.4863
0.557,0.6264584394638661,40799.0,14843.0,15840.0,14584.0,0.6581,0.7332,0.7367,0.4838
0.558,0.6268293618123444,40665.0,14746.0,15937.0,14718.0,0.6577,0.7339,0.7343,0.4806
0.559,0.6273438289255705,40583.0,14669.0,16014.0,14800.0,0.6576,0.7345,0.7328,0.4781
0.56,0.6279129162317617,40489.0,14582.0,16101.0,14894.0,0.6575,0.7352,0.7311,0.4752
0.561,0.628566550761778,40417.0,14502.0,16181.0,14966.0,0.6576,0.7359,0.7298,0.4726
0.562,0.6289830652621258,40270.0,14395.0,16288.0,15113.0,0.6571,0.7367,0.7271,0.4692
0.563,0.6292953946440878,40162.0,14316.0,16367.0,15221.0,0.6568,0.7372,0.7252,0.4666
0.564,0.6294068947619742,40048.0,14246.0,16437.0,15335.0,0.6563,0.7376,0.7231,0.4643
0.565,0.6300237865800061,39925.0,14140.0,16543.0,15458.0,0.6561,0.7385,0.7209,0.4608
0.566,0.6308274243534734,39792.0,14017.0,16666.0,15591.0,0.656,0.7395,0.7185,0.4568
0.567,0.6309448836316868,39657.0,13935.0,16748.0,15726.0,0.6554,0.74,0.7161,0.4542
0.568,0.6314109156854704,39557.0,13851.0,16832.0,15826.0,0.6552,0.7407,0.7142,0.4514
0.569,0.6319709749505659,39462.0,13764.0,16919.0,15921.0,0.6551,0.7414,0.7125,0.4486
0.57,0.6324588098868962,39359.0,13677.0,17006.0,16024.0,0.6549,0.7421,0.7107,0.4458
0.571,0.6330807569724725,39251.0,13579.0,17104.0,16132.0,0.6548,0.743,0.7087,0.4426
0.572,0.6331686937942321,39138.0,13511.0,17172.0,16245.0,0.6543,0.7434,0.7067,0.4403
0.573,0.6338393019124466,39039.0,13415.0,17268.0,16344.0,0.6542,0.7443,0.7049,0.4372
0.574,0.6343271368487771,38936.0,13328.0,17355.0,16447.0,0.654,0.745,0.703,0.4344
0.575,0.6343862291336696,38818.0,13259.0,17424.0,16565.0,0.6535,0.7454,0.7009,0.4321
0.576,0.634550815004137,38681.0,13173.0,17510.0,16702.0,0.6529,0.746,0.6984,0.4293
0.577,0.6348688775732302,38561.0,13087.0,17596.0,16822.0,0.6525,0.7466,0.6963,0.4265
0.578,0.6354214906095994,38402.0,12965.0,17718.0,16981.0,0.6521,0.7476,0.6934,0.4225
0.579,0.6354728633205851,38303.0,12907.0,17776.0,17080.0,0.6516,0.748,0.6916,0.4207
0.58,0.6362716717997037,38146.0,12771.0,17912.0,17237.0,0.6513,0.7492,0.6888,0.4162
0.581,0.6366309018007239,38045.0,12693.0,17990.0,17338.0,0.6511,0.7498,0.6869,0.4137
0.582,0.636861300893238,37955.0,12629.0,18054.0,17428.0,0.6508,0.7503,0.6853,0.4116
0.583,0.637075404317141,37865.0,12566.0,18117.0,17518.0,0.6505,0.7508,0.6837,0.4095
0.584,0.637544731224889,37778.0,12489.0,18194.0,17605.0,0.6503,0.7515,0.6821,0.407
0.585,0.638025072560508,37685.0,12408.0,18275.0,17698.0,0.6502,0.7523,0.6804,0.4044
0.586,0.6382834596690916,37562.0,12324.0,18359.0,17821.0,0.6497,0.753,0.6782,0.4017
0.587,0.6386556904847588,37448.0,12238.0,18445.0,17935.0,0.6494,0.7537,0.6762,0.3989
0.588,0.638926626461598,37330.0,12156.0,18527.0,18053.0,0.649,0.7544,0.674,0.3962
0.589,0.6391733212227236,37240.0,12091.0,18592.0,18143.0,0.6487,0.7549,0.6724,0.3941
0.59,0.6397316200742393,37143.0,12003.0,18680.0,18240.0,0.6486,0.7558,0.6707,0.3912
0.591,0.6401718764719244,37060.0,11930.0,18753.0,18323.0,0.6485,0.7565,0.6692,0.3888
0.592,0.640435544821248,36943.0,11849.0,18834.0,18440.0,0.6481,0.7572,0.667,0.3862
0.593,0.6409513677736479,36807.0,11742.0,18941.0,18576.0,0.6477,0.7581,0.6646,0.3827
0.594,0.6414504431110453,36689.0,11646.0,19037.0,18694.0,0.6475,0.7591,0.6625,0.3796
0.595,0.6419829663064626,36609.0,11569.0,19114.0,18774.0,0.6474,0.7599,0.661,0.377
0.596,0.6423223798117114,36504.0,11490.0,19193.0,18879.0,0.6471,0.7606,0.6591,0.3745
0.597,0.6425582861181613,36411.0,11424.0,19259.0,18972.0,0.6468,0.7612,0.6574,0.3723
0.598,0.6430725272581918,36338.0,11352.0,19331.0,19045.0,0.6468,0.762,0.6561,0.37
0.599,0.6432269552215852,36245.0,11291.0,19392.0,19138.0,0.6464,0.7625,0.6544,0.368
0.6,0.6434593407008751,36148.0,11223.0,19460.0,19235.0,0.6461,0.7631,0.6527,0.3658
0.601,0.6435814033002418,36046.0,11159.0,19524.0,19337.0,0.6457,0.7636,0.6508,0.3637
0.602,0.6438265636209828,35945.0,11088.0,19595.0,19438.0,0.6453,0.7643,0.649,0.3614
0.603,0.6437392208615695,35818.0,11023.0,19660.0,19565.0,0.6446,0.7647,0.6467,0.3593
0.604,0.6438300005909022,35736.0,10972.0,19711.0,19647.0,0.6442,0.7651,0.6453,0.3576
0.605,0.6444329877015047,35662.0,10894.0,19789.0,19721.0,0.6443,0.766,0.6439,0.3551
0.606,0.6448446255355188,35565.0,10815.0,19868.0,19818.0,0.6441,0.7668,0.6422,0.3525
0.607,0.645051461331906,35476.0,10753.0,19930.0,19907.0,0.6438,0.7674,0.6406,0.3505
0.608,0.6451043684832761,35388.0,10701.0,19982.0,19995.0,0.6433,0.7678,0.639,0.3488
0.609,0.6454129510648824,35285.0,10625.0,20058.0,20098.0,0.643,0.7686,0.6371,0.3463
0.61,0.6454931683127351,35191.0,10568.0,20115.0,20192.0,0.6426,0.7691,0.6354,0.3444
0.611,0.6458090185218571,35087.0,10491.0,20192.0,20296.0,0.6423,0.7698,0.6335,0.3419
0.612,0.6458291083628089,35008.0,10446.0,20237.0,20375.0,0.6419,0.7702,0.6321,0.3404
0.613,0.645866171791959,34902.0,10385.0,20298.0,20481.0,0.6414,0.7707,0.6302,0.3385
0.614,0.6459245861572648,34811.0,10331.0,20352.0,20572.0,0.6409,0.7711,0.6286,0.3367
0.615,0.6462470260743156,34733.0,10268.0,20415.0,20650.0,0.6408,0.7718,0.6271,0.3346
0.616,0.6463560878590352,34644.0,10212.0,20471.0,20739.0,0.6404,0.7723,0.6255,0.3328
0.617,0.6465805277912225,34575.0,10160.0,20523.0,20808.0,0.6402,0.7729,0.6243,0.3311
0.618,0.6469106872821802,34478.0,10086.0,20597.0,20905.0,0.6399,0.7737,0.6225,0.3287
0.619,0.6469072138270051,34400.0,10043.0,20640.0,20983.0,0.6395,0.774,0.6211,0.3273
0.62,0.6471717386971264,34321.0,9983.0,20700.0,21062.0,0.6393,0.7747,0.6197,0.3254
0.621,0.6470313101851324,34217.0,9934.0,20749.0,21166.0,0.6386,0.775,0.6178,0.3238
0.622,0.6470498655856998,34127.0,9883.0,20800.0,21256.0,0.6382,0.7754,0.6162,0.3221
0.623,0.6468805925368389,34018.0,9833.0,20850.0,21365.0,0.6375,0.7758,0.6142,0.3205
0.624,0.6470297392594924,33919.0,9769.0,20914.0,21464.0,0.6371,0.7764,0.6124,0.3184
0.625,0.6472172105064997,33808.0,9696.0,20987.0,21575.0,0.6367,0.7771,0.6104,0.316
0.626,0.6476387802743918,33676.0,9597.0,21086.0,21707.0,0.6363,0.7782,0.6081,0.3128
0.627,0.6478722482476748,33608.0,9545.0,21138.0,21775.0,0.6361,0.7788,0.6068,0.3111
0.628,0.6480233813571039,33502.0,9477.0,21206.0,21881.0,0.6357,0.7795,0.6049,0.3089
0.629,0.6480762885084741,33414.0,9425.0,21258.0,21969.0,0.6352,0.78,0.6033,0.3072
0.63,0.648169280597778,33316.0,9365.0,21318.0,22067.0,0.6348,0.7806,0.6016,0.3052
0.631,0.6483651019662939,33233.0,9307.0,21376.0,22150.0,0.6345,0.7812,0.6001,0.3033
0.632,0.6484019394222484,33136.0,9251.0,21432.0,22247.0,0.634,0.7817,0.5983,0.3015
0.633,0.6485691422270933,33039.0,9187.0,21496.0,22344.0,0.6336,0.7824,0.5966,0.2994
0.634,0.6485621479447582,32957.0,9142.0,21541.0,22426.0,0.6332,0.7828,0.5951,0.298
0.635,0.6487958418912368,32880.0,9085.0,21598.0,22503.0,0.633,0.7835,0.5937,0.2961
0.636,0.6490806352035206,32787.0,9016.0,21667.0,22596.0,0.6327,0.7843,0.592,0.2938
0.637,0.6493163155367749,32703.0,8955.0,21728.0,22680.0,0.6324,0.785,0.5905,0.2919
0.638,0.649345659392018,32616.0,8905.0,21778.0,22767.0,0.632,0.7855,0.5889,0.2902
0.639,0.6493476931507787,32535.0,8860.0,21823.0,22848.0,0.6316,0.786,0.5875,0.2888
0.64,0.6494805442048209,32436.0,8797.0,21886.0,22947.0,0.6312,0.7867,0.5857,0.2867
0.641,0.6492579594301836,32359.0,8768.0,21915.0,23024.0,0.6306,0.7868,0.5843,0.2858
0.642,0.6493850772970946,32272.0,8712.0,21971.0,23111.0,0.6302,0.7874,0.5827,0.2839
0.643,0.6493005774452544,32176.0,8664.0,22019.0,23207.0,0.6297,0.7879,0.581,0.2824
0.644,0.6493717666520115,32081.0,8607.0,22076.0,23302.0,0.6292,0.7885,0.5793,0.2805
0.645,0.649477307609571,31988.0,8549.0,22134.0,23395.0,0.6288,0.7891,0.5776,0.2786
0.646,0.6492694840631605,31900.0,8513.0,22170.0,23483.0,0.6282,0.7893,0.576,0.2775
0.647,0.6493078559594994,31814.0,8463.0,22220.0,23569.0,0.6278,0.7899,0.5744,0.2758
0.648,0.6491872439432768,31714.0,8415.0,22268.0,23669.0,0.6272,0.7903,0.5726,0.2743
0.649,0.6492273762531957,31630.0,8366.0,22317.0,23753.0,0.6268,0.7908,0.5711,0.2727
0.65,0.6492040863022494,31548.0,8322.0,22361.0,23835.0,0.6264,0.7913,0.5696,0.2712
0.651,0.6492805567497464,31459.0,8268.0,22415.0,23924.0,0.626,0.7919,0.568,0.2695
0.652,0.6492394366898045,31366.0,8219.0,22464.0,24017.0,0.6255,0.7924,0.5663,0.2679
0.653,0.649084020976388,31282.0,8182.0,22501.0,24101.0,0.6249,0.7927,0.5648,0.2667
0.654,0.6490466477168017,31184.0,8130.0,22553.0,24199.0,0.6244,0.7932,0.5631,0.265
0.655,0.6488174732342356,31081.0,8087.0,22596.0,24302.0,0.6237,0.7935,0.5612,0.2636
0.656,0.6487653387464225,30994.0,8042.0,22641.0,24389.0,0.6232,0.794,0.5596,0.2621
0.657,0.6489193147634246,30919.0,7991.0,22692.0,24464.0,0.6229,0.7946,0.5583,0.2604
0.658,0.6487009287355342,30819.0,7949.0,22734.0,24564.0,0.6222,0.795,0.5565,0.2591
0.659,0.6486324985791097,30732.0,7905.0,22778.0,24651.0,0.6217,0.7954,0.5549,0.2576
0.66,0.6483451830764185,30637.0,7870.0,22813.0,24746.0,0.621,0.7956,0.5532,0.2565
0.661,0.6484956382662606,30558.0,7817.0,22866.0,24825.0,0.6207,0.7963,0.5518,0.2548
0.662,0.6484239132558719,30458.0,7766.0,22917.0,24925.0,0.6202,0.7968,0.55,0.2531
0.663,0.6485094117444645,30370.0,7712.0,22971.0,25013.0,0.6198,0.7975,0.5484,0.2513
0.664,0.6482800112887028,30276.0,7674.0,23009.0,25107.0,0.6191,0.7978,0.5467,0.2501
0.665,0.6481662149536045,30193.0,7635.0,23048.0,25190.0,0.6186,0.7982,0.5452,0.2488
0.666,0.6482439938682902,30124.0,7592.0,23091.0,25259.0,0.6183,0.7987,0.5439,0.2474
0.667,0.6482603369088866,30050.0,7550.0,23133.0,25333.0,0.6179,0.7992,0.5426,0.2461
0.668,0.6482029211803335,29957.0,7502.0,23181.0,25426.0,0.6174,0.7997,0.5409,0.2445
0.669,0.6481604926532027,29844.0,7442.0,23241.0,25539.0,0.6168,0.8004,0.5389,0.2425
0.67,0.6480883156964226,29762.0,7401.0,23282.0,25621.0,0.6163,0.8009,0.5374,0.2412
0.671,0.6481156731648902,29682.0,7355.0,23328.0,25701.0,0.6159,0.8014,0.5359,0.2397
0.672,0.6481252005243622,29591.0,7304.0,23379.0,25792.0,0.6155,0.802,0.5343,0.238
0.673,0.6481041229333872,29493.0,7251.0,23432.0,25890.0,0.6149,0.8027,0.5325,0.2363
0.674,0.6479469468063905,29407.0,7213.0,23470.0,25976.0,0.6144,0.803,0.531,0.2351
0.675,0.6478514325266791,29317.0,7169.0,23514.0,26066.0,0.6138,0.8035,0.5294,0.2336
0.676,0.6478497194850841,29241.0,7127.0,23556.0,26142.0,0.6134,0.804,0.528,0.2323
0.677,0.647694077798472,29166.0,7095.0,23588.0,26217.0,0.6129,0.8043,0.5266,0.2312
0.678,0.647697645997617,29096.0,7056.0,23627.0,26287.0,0.6126,0.8048,0.5254,0.23
0.679,0.6476545395508995,29010.0,7011.0,23672.0,26373.0,0.6121,0.8054,0.5238,0.2285
0.68,0.6477125019698139,28937.0,6967.0,23716.0,26446.0,0.6118,0.806,0.5225,0.2271
0.681,0.6476152272765225,28845.0,6922.0,23761.0,26538.0,0.6112,0.8065,0.5208,0.2256
0.682,0.6475571336283824,28779.0,6889.0,23794.0,26604.0,0.6108,0.8069,0.5196,0.2245
0.683,0.6473819014191946,28691.0,6851.0,23832.0,26692.0,0.6103,0.8072,0.518,0.2233
0.684,0.6474561595067203,28618.0,6806.0,23877.0,26765.0,0.6099,0.8079,0.5167,0.2218
0.685,0.6472142101827031,28519.0,6766.0,23917.0,26864.0,0.6093,0.8082,0.5149,0.2205
0.686,0.6472272583693349,28432.0,6717.0,23966.0,26951.0,0.6088,0.8089,0.5134,0.2189
0.687,0.6471317440896236,28342.0,6673.0,24010.0,27041.0,0.6083,0.8094,0.5117,0.2175
0.688,0.646981609616947,28264.0,6639.0,24044.0,27119.0,0.6078,0.8098,0.5103,0.2164
0.689,0.6467411947333139,28176.0,6605.0,24078.0,27207.0,0.6071,0.8101,0.5087,0.2153
0.69,0.6467449889056548,28097.0,6561.0,24122.0,27286.0,0.6067,0.8107,0.5073,0.2138
0.691,0.6466437414388121,28019.0,6524.0,24159.0,27364.0,0.6063,0.8111,0.5059,0.2126
0.692,0.6465860997370632,27935.0,6481.0,24202.0,27448.0,0.6058,0.8117,0.5044,0.2112
0.693,0.6465154572206674,27864.0,6446.0,24237.0,27519.0,0.6054,0.8121,0.5031,0.2101
0.694,0.6462697610962944,27770.0,6409.0,24274.0,27613.0,0.6047,0.8125,0.5014,0.2089
0.695,0.6460185577579858,27679.0,6374.0,24309.0,27704.0,0.604,0.8128,0.4998,0.2077
0.696,0.6459173102911432,27601.0,6337.0,24346.0,27782.0,0.6036,0.8133,0.4984,0.2065
0.697,0.6456876838621859,27516.0,6304.0,24379.0,27867.0,0.603,0.8136,0.4968,0.2055
0.698,0.6455884227821189,27431.0,6263.0,24420.0,27952.0,0.6025,0.8141,0.4953,0.2041
0.699,0.6456263427320664,27363.0,6223.0,24460.0,28020.0,0.6021,0.8147,0.4941,0.2028
0.7,0.6455268556788037,27287.0,6187.0,24496.0,28096.0,0.6017,0.8152,0.4927,0.2016
0.701,0.645445650680928,27204.0,6146.0,24537.0,28179.0,0.6012,0.8157,0.4912,0.2003
0.702,0.6451435739500098,27120.0,6118.0,24565.0,28263.0,0.6005,0.8159,0.4897,0.1994
0.703,0.6453171404895878,27058.0,6073.0,24610.0,28325.0,0.6003,0.8167,0.4886,0.1979
0.704,0.6451110773567573,26972.0,6038.0,24645.0,28411.0,0.5997,0.8171,0.487,0.1968
0.705,0.6449250566928939,26881.0,5999.0,24684.0,28502.0,0.5991,0.8175,0.4854,0.1955
0.706,0.6448385704542782,26792.0,5955.0,24728.0,28591.0,0.5986,0.8182,0.4838,0.1941
0.707,0.6446089440253208,26707.0,5922.0,24761.0,28676.0,0.598,0.8185,0.4822,0.193
0.708,0.6446761604585265,26626.0,5873.0,24810.0,28757.0,0.5976,0.8193,0.4808,0.1914
0.709,0.6443525068182572,26536.0,5843.0,24840.0,28847.0,0.5969,0.8195,0.4791,0.1904
0.71,0.6439132490573244,26435.0,5814.0,24869.0,28948.0,0.5961,0.8197,0.4773,0.1895
0.711,0.6436582989186602,26349.0,5782.0,24901.0,29034.0,0.5955,0.82,0.4758,0.1884
0.712,0.6434740386683767,26260.0,5744.0,24939.0,29123.0,0.5949,0.8205,0.4742,0.1872
0.713,0.6430327945206683,26166.0,5719.0,24964.0,29217.0,0.5941,0.8206,0.4725,0.1864
0.714,0.6429729404589482,26098.0,5685.0,24998.0,29285.0,0.5937,0.8211,0.4712,0.1853
0.715,0.6427598356717978,26004.0,5646.0,25037.0,29379.0,0.593,0.8216,0.4695,0.184
0.716,0.6423060426558338,25905.0,5619.0,25064.0,29478.0,0.5922,0.8218,0.4677,0.1831
0.717,0.6421904859071554,25820.0,5579.0,25104.0,29563.0,0.5917,0.8223,0.4662,0.1818
0.718,0.642013267311192,25739.0,5545.0,25138.0,29644.0,0.5911,0.8228,0.4647,0.1807
0.719,0.6418684140792554,25667.0,5514.0,25169.0,29716.0,0.5907,0.8232,0.4634,0.1797
0.72,0.6415881402308843,25580.0,5483.0,25200.0,29803.0,0.59,0.8235,0.4619,0.1787
0.721,0.6412406973212924,25500.0,5460.0,25223.0,29883.0,0.5894,0.8236,0.4604,0.1779
0.722,0.6409280581088943,25404.0,5426.0,25257.0,29979.0,0.5886,0.824,0.4587,0.1768
0.723,0.6407162617889327,25330.0,5398.0,25285.0,30053.0,0.5881,0.8243,0.4574,0.1759
0.724,0.6402822852687399,25235.0,5372.0,25311.0,30148.0,0.5873,0.8245,0.4556,0.1751
0.725,0.6399009425547365,25135.0,5340.0,25343.0,30248.0,0.5865,0.8248,0.4538,0.174
0.726,0.6397184427180331,25048.0,5303.0,25380.0,30335.0,0.5859,0.8253,0.4523,0.1728
0.727,0.6396949267938913,24975.0,5264.0,25419.0,30408.0,0.5855,0.8259,0.451,0.1716
0.728,0.6394472442827426,24888.0,5231.0,25452.0,30495.0,0.5849,0.8263,0.4494,0.1705
0.729,0.6391310842431845,24788.0,5195.0,25488.0,30595.0,0.5842,0.8267,0.4476,0.1693
0.73,0.6388908953327472,24691.0,5156.0,25527.0,30692.0,0.5835,0.8273,0.4458,0.168
0.731,0.6385910309618004,24591.0,5119.0,25564.0,30792.0,0.5828,0.8277,0.444,0.1668
0.732,0.6385516713154384,24500.0,5071.0,25612.0,30883.0,0.5823,0.8285,0.4424,0.1653
0.733,0.6381232020091814,24402.0,5043.0,25640.0,30981.0,0.5814,0.8287,0.4406,0.1644
0.734,0.6378918151666441,24315.0,5009.0,25674.0,31068.0,0.5808,0.8292,0.439,0.1633
0.735,0.6375175141069608,24223.0,4981.0,25702.0,31160.0,0.5801,0.8294,0.4374,0.1623
0.736,0.637105340469315,24125.0,4952.0,25731.0,31258.0,0.5793,0.8297,0.4356,0.1614
0.737,0.6366896460045092,24023.0,4921.0,25762.0,31360.0,0.5785,0.83,0.4338,0.1604
0.738,0.6361926991698426,23912.0,4890.0,25793.0,31471.0,0.5775,0.8302,0.4318,0.1594
0.739,0.6357375976866898,23793.0,4852.0,25831.0,31590.0,0.5766,0.8306,0.4296,0.1581
0.74,0.6355121700044792,23685.0,4806.0,25877.0,31698.0,0.5759,0.8313,0.4277,0.1566
0.741,0.6353336429413272,23584.0,4761.0,25922.0,31799.0,0.5752,0.832,0.4258,0.1552
0.742,0.6349384428918795,23459.0,4716.0,25967.0,31924.0,0.5743,0.8326,0.4236,0.1537
0.743,0.6345824238875832,23360.0,4683.0,26000.0,32023.0,0.5735,0.833,0.4218,0.1526
0.744,0.6342211236425469,23255.0,4647.0,26036.0,32128.0,0.5727,0.8335,0.4199,0.1515
0.745,0.6341368497639024,23150.0,4594.0,26089.0,32233.0,0.5721,0.8344,0.418,0.1497
0.746,0.63360270827086,23006.0,4547.0,26136.0,32377.0,0.571,0.835,0.4154,0.1482
0.747,0.6333625193604228,22909.0,4508.0,26175.0,32474.0,0.5703,0.8356,0.4136,0.1469
0.748,0.6329593737638727,22812.0,4479.0,26204.0,32571.0,0.5695,0.8359,0.4119,0.146
0.749,0.6325491865130023,22707.0,4446.0,26237.0,32676.0,0.5687,0.8363,0.41,0.1449
0.75,0.632159041731099,22597.0,4409.0,26274.0,32786.0,0.5678,0.8367,0.408,0.1437
0.751,0.6317761645767116,22486.0,4371.0,26312.0,32897.0,0.567,0.8372,0.406,0.1425
0.752,0.6315181455572785,22378.0,4327.0,26356.0,33005.0,0.5662,0.838,0.4041,0.141
0.753,0.6312367892149142,22262.0,4280.0,26403.0,33121.0,0.5654,0.8387,0.402,0.1395
0.754,0.6308195603097241,22149.0,4243.0,26440.0,33234.0,0.5646,0.8392,0.3999,0.1383
0.755,0.6306337656190562,22049.0,4199.0,26484.0,33334.0,0.5639,0.84,0.3981,0.1369
0.756,0.6301443123851008,21928.0,4162.0,26521.0,33455.0,0.5629,0.8405,0.3959,0.1356
0.757,0.6296819432744325,21810.0,4125.0,26558.0,33573.0,0.562,0.8409,0.3938,0.1344
0.758,0.6292827704514334,21699.0,4088.0,26595.0,33684.0,0.5611,0.8415,0.3918,0.1332
0.759,0.6287008244465504,21584.0,4060.0,26623.0,33799.0,0.5601,0.8417,0.3897,0.1323
0.76,0.6281263720423786,21459.0,4026.0,26657.0,33924.0,0.5591,0.842,0.3875,0.1312
0.761,0.6275792297346896,21328.0,3987.0,26696.0,34055.0,0.558,0.8425,0.3851,0.1299
0.762,0.6270082981576779,21207.0,3955.0,26728.0,34176.0,0.557,0.8428,0.3829,0.1289
0.763,0.6263688890522566,21073.0,3920.0,26763.0,34310.0,0.5558,0.8432,0.3805,0.1278
0.764,0.6257176089981665,20907.0,3868.0,26815.0,34476.0,0.5545,0.8439,0.3775,0.1261
0.765,0.6251574658758303,20789.0,3837.0,26846.0,34594.0,0.5535,0.8442,0.3754,0.1251
0.766,0.6247845206553209,20643.0,3779.0,26904.0,34740.0,0.5524,0.8453,0.3727,0.1232
0.767,0.6241898471809716,20458.0,3713.0,26970.0,34925.0,0.5511,0.8464,0.3694,0.121
0.768,0.6237983939318796,20328.0,3665.0,27018.0,35055.0,0.5501,0.8472,0.367,0.1194
0.769,0.6234342507792703,20192.0,3612.0,27071.0,35191.0,0.5491,0.8483,0.3646,0.1177
0.77,0.622580832993916,20000.0,3558.0,27125.0,35383.0,0.5475,0.849,0.3611,0.116
0.771,0.6217164007806905,19814.0,3508.0,27175.0,35569.0,0.546,0.8496,0.3578,0.1143
0.772,0.6212470373876872,19614.0,3426.0,27257.0,35769.0,0.5446,0.8513,0.3542,0.1117
0.773,0.6205030385894739,19463.0,3388.0,27295.0,35920.0,0.5433,0.8517,0.3514,0.1104
0.774,0.6198000286219769,19266.0,3322.0,27361.0,36117.0,0.5418,0.8529,0.3479,0.1083
0.775,0.6192223287358256,19054.0,3240.0,27443.0,36329.0,0.5402,0.8547,0.344,0.1056
0.776,0.6182799390067039,18872.0,3197.0,27486.0,36511.0,0.5386,0.8551,0.3408,0.1042
0.777,0.6176665315305764,18712.0,3146.0,27537.0,36671.0,0.5374,0.8561,0.3379,0.1025
0.778,0.6170764613773803,18560.0,3098.0,27585.0,36823.0,0.5362,0.857,0.3351,0.101
0.779,0.6158187681294977,18316.0,3040.0,27643.0,37067.0,0.534,0.8577,0.3307,0.0991
0.78,0.6151738518101408,18185.0,3007.0,27676.0,37198.0,0.5329,0.8581,0.3283,0.098
0.781,0.6147645684520532,18044.0,2954.0,27729.0,37339.0,0.5318,0.8593,0.3258,0.0963
0.782,0.6141038084104762,17895.0,2912.0,27771.0,37488.0,0.5306,0.86,0.3231,0.0949
0.783,0.6137176364021243,17771.0,2867.0,27816.0,37612.0,0.5297,0.8611,0.3209,0.0934
0.784,0.6126528268712146,17561.0,2816.0,27867.0,37822.0,0.5278,0.8618,0.3171,0.0918
0.785,0.611575694445245,17337.0,2758.0,27925.0,38046.0,0.5259,0.8628,0.313,0.0899
0.786,0.6109292436855036,17195.0,2719.0,27964.0,38188.0,0.5247,0.8635,0.3105,0.0886
0.787,0.6097294654845508,16952.0,2658.0,28025.0,38431.0,0.5226,0.8645,0.3061,0.0866
0.788,0.609206790365771,16784.0,2597.0,28086.0,38599.0,0.5213,0.866,0.3031,0.0846
0.789,0.6086924653685,16644.0,2551.0,28132.0,38739.0,0.5203,0.8671,0.3005,0.0831
0.79,0.608045788635563,16511.0,2517.0,28166.0,38872.0,0.5191,0.8677,0.2981,0.082
0.791,0.6070060768411648,16311.0,2470.0,28213.0,39072.0,0.5173,0.8685,0.2945,0.0805
0.792,0.6064426388648643,16180.0,2432.0,28251.0,39203.0,0.5162,0.8693,0.2921,0.0793
0.793,0.6057658091278717,16022.0,2386.0,28297.0,39361.0,0.5149,0.8704,0.2893,0.0778
0.794,0.605370609078424,15897.0,2341.0,28342.0,39486.0,0.514,0.8716,0.287,0.0763
0.795,0.6047344948269672,15776.0,2313.0,28370.0,39607.0,0.5129,0.8721,0.2849,0.0754
0.796,0.6039706795329826,15621.0,2274.0,28409.0,39762.0,0.5116,0.8729,0.2821,0.0741
0.797,0.6034376205339333,15506.0,2243.0,28440.0,39877.0,0.5106,0.8736,0.28,0.0731
0.798,0.6026570576249461,15369.0,2215.0,28468.0,40014.0,0.5093,0.874,0.2775,0.0722
0.799,0.6020685219121344,15228.0,2173.0,28510.0,40155.0,0.5082,0.8751,0.275,0.0708
0.8,0.601333325181821,15087.0,2140.0,28543.0,40296.0,0.5069,0.8758,0.2724,0.0697
0.801,0.6008148014378032,14970.0,2107.0,28576.0,40413.0,0.506,0.8766,0.2703,0.0687
0.802,0.6002744748112385,14856.0,2077.0,28606.0,40527.0,0.505,0.8773,0.2682,0.0677
0.803,0.5996130368500744,14734.0,2050.0,28633.0,40649.0,0.5039,0.8779,0.266,0.0668
0.804,0.5990621477420297,14608.0,2014.0,28669.0,40775.0,0.5028,0.8788,0.2638,0.0656
0.805,0.5984438635995686,14498.0,1991.0,28692.0,40885.0,0.5018,0.8793,0.2618,0.0649
0.806,0.5978801996500724,14376.0,1958.0,28725.0,41007.0,0.5008,0.8801,0.2596,0.0638
0.807,0.597009130356933,14238.0,1935.0,28748.0,41145.0,0.4995,0.8804,0.2571,0.0631
0.808,0.5964020866155387,14113.0,1903.0,28780.0,41270.0,0.4984,0.8812,0.2548,0.062
0.809,0.5958850973119053,14007.0,1876.0,28807.0,41376.0,0.4975,0.8819,0.2529,0.0611
0.81,0.5950649014113756,13862.0,1846.0,28837.0,41521.0,0.4961,0.8825,0.2503,0.0602
0.811,0.5947430081846862,13774.0,1817.0,28866.0,41609.0,0.4954,0.8835,0.2487,0.0592
0.812,0.5939331487924409,13650.0,1798.0,28885.0,41733.0,0.4942,0.8836,0.2465,0.0586
0.813,0.5924781944796279,13330.0,1710.0,28973.0,42053.0,0.4915,0.8863,0.2407,0.0557
0.814,0.5918420802281711,13209.0,1682.0,29001.0,42174.0,0.4904,0.887,0.2385,0.0548
0.815,0.5910359676362813,13080.0,1660.0,29023.0,42303.0,0.4892,0.8874,0.2362,0.0541
0.816,0.5902950377188368,12951.0,1634.0,29049.0,42432.0,0.488,0.888,0.2338,0.0533
0.817,0.5895358257460053,12829.0,1613.0,29070.0,42554.0,0.4868,0.8883,0.2316,0.0526
0.818,0.5887909230550095,12714.0,1595.0,29088.0,42669.0,0.4857,0.8885,0.2296,0.052
0.819,0.5880281902550178,12588.0,1572.0,29111.0,42795.0,0.4845,0.889,0.2273,0.0512
0.82,0.587608974963052,12482.0,1539.0,29144.0,42901.0,0.4837,0.8902,0.2254,0.0502
0.821,0.5870378174128447,12370.0,1512.0,29171.0,43013.0,0.4827,0.8911,0.2234,0.0493
0.822,0.5865842503700763,12262.0,1480.0,29203.0,43121.0,0.4818,0.8923,0.2214,0.0482
0.823,0.585958924573295,12144.0,1453.0,29230.0,43239.0,0.4807,0.8931,0.2193,0.0474
0.824,0.5855291467998491,12026.0,1414.0,29269.0,43357.0,0.4798,0.8948,0.2171,0.0461
0.825,0.5848403987422028,11910.0,1392.0,29291.0,43473.0,0.4787,0.8954,0.215,0.0454
0.826,0.5840776659422113,11784.0,1369.0,29314.0,43599.0,0.4775,0.8959,0.2128,0.0446
0.827,0.5835589162249977,11676.0,1341.0,29342.0,43707.0,0.4766,0.897,0.2108,0.0437
0.828,0.5829498860968279,11558.0,1313.0,29370.0,43825.0,0.4755,0.898,0.2087,0.0428
0.829,0.5822032229922519,11441.0,1294.0,29389.0,43942.0,0.4744,0.8984,0.2066,0.0422
0.83,0.5818522592555,11357.0,1269.0,29414.0,44026.0,0.4737,0.8995,0.2051,0.0414
0.831,0.5812139326440718,11252.0,1250.0,29433.0,44131.0,0.4727,0.9,0.2032,0.0407
0.832,0.5806782093386602,11171.0,1238.0,29445.0,44212.0,0.4719,0.9002,0.2017,0.0403
0.833,0.5801048394284816,11075.0,1220.0,29463.0,44308.0,0.471,0.9008,0.2,0.0398
0.834,0.579741326823474,10986.0,1193.0,29490.0,44397.0,0.4703,0.902,0.1984,0.0389
0.835,0.5791877734090666,10894.0,1176.0,29507.0,44489.0,0.4694,0.9026,0.1967,0.0383
0.836,0.5787357408066826,10797.0,1150.0,29533.0,44586.0,0.4686,0.9037,0.195,0.0375
0.837,0.5781425544007327,10697.0,1131.0,29552.0,44686.0,0.4677,0.9044,0.1931,0.0369
0.838,0.5774300170737637,10591.0,1116.0,29567.0,44792.0,0.4666,0.9047,0.1912,0.0364
0.839,0.577030166331178,10507.0,1094.0,29589.0,44876.0,0.4659,0.9057,0.1897,0.0357
0.84,0.5762020248835457,10390.0,1080.0,29603.0,44993.0,0.4647,0.9058,0.1876,0.0352
0.841,0.5755852751814688,10291.0,1063.0,29620.0,45092.0,0.4637,0.9064,0.1858,0.0346
0.842,0.5749594974382963,10191.0,1046.0,29637.0,45192.0,0.4628,0.9069,0.184,0.0341
0.843,0.5742705234074543,10084.0,1029.0,29654.0,45299.0,0.4617,0.9074,0.1821,0.0335
0.844,0.5737733505995922,9982.0,1003.0,29680.0,45401.0,0.4608,0.9087,0.1802,0.0327
0.845,0.5732343324402162,9888.0,984.0,29699.0,45495.0,0.46,0.9095,0.1785,0.0321
0.846,0.5726572157296818,9797.0,969.0,29714.0,45586.0,0.4591,0.91,0.1769,0.0316
0.847,0.5720041278900267,9703.0,957.0,29726.0,45680.0,0.4581,0.9102,0.1752,0.0312
0.848,0.5715408548865758,9621.0,940.0,29743.0,45762.0,0.4574,0.911,0.1737,0.0306
0.849,0.5709762870442973,9535.0,927.0,29756.0,45848.0,0.4565,0.9114,0.1722,0.0302
0.85,0.5703322272457377,9442.0,915.0,29768.0,45941.0,0.4556,0.9117,0.1705,0.0298
0.851,0.5696864070335984,9347.0,902.0,29781.0,46036.0,0.4546,0.912,0.1688,0.0294
0.852,0.5692213736165674,9263.0,884.0,29799.0,46120.0,0.4539,0.9129,0.1673,0.0288
0.853,0.568575553404428,9168.0,871.0,29812.0,46215.0,0.4529,0.9132,0.1655,0.0284
0.854,0.5679750993709624,9069.0,853.0,29830.0,46314.0,0.452,0.914,0.1638,0.0278
0.855,0.5674303480244552,8987.0,841.0,29842.0,46396.0,0.4512,0.9144,0.1623,0.0274
0.856,0.5670194828539982,8909.0,823.0,29860.0,46474.0,0.4505,0.9154,0.1609,0.0268
0.857,0.5665075488179089,8818.0,804.0,29879.0,46565.0,0.4496,0.9164,0.1592,0.0262
0.858,0.566013670864011,8729.0,785.0,29898.0,46654.0,0.4488,0.9175,0.1576,0.0256
0.859,0.5653317384874891,8630.0,772.0,29911.0,46753.0,0.4478,0.9179,0.1558,0.0252
0.86,0.5648358741468156,8548.0,757.0,29926.0,46835.0,0.447,0.9186,0.1543,0.0247
0.861,0.5643814032112646,8476.0,745.0,29938.0,46907.0,0.4463,0.9192,0.153,0.0243
0.862,0.5639286926892938,8406.0,734.0,29949.0,46977.0,0.4456,0.9197,0.1518,0.0239
0.863,0.5635574605103794,8336.0,718.0,29965.0,47047.0,0.445,0.9207,0.1505,0.0234
0.864,0.5631082708155684,8270.0,709.0,29974.0,47113.0,0.4444,0.921,0.1493,0.0231
0.865,0.5625254209179029,8191.0,701.0,29982.0,47192.0,0.4435,0.9212,0.1479,0.0228
0.866,0.5620654427684163,8122.0,691.0,29992.0,47261.0,0.4428,0.9216,0.1467,0.0225
0.867,0.561607676978901,8037.0,672.0,30011.0,47346.0,0.4421,0.9228,0.1451,0.0219
0.868,0.5610466299637825,7955.0,661.0,30022.0,47428.0,0.4413,0.9233,0.1436,0.0215
0.869,0.5603679924412249,7869.0,655.0,30028.0,47514.0,0.4403,0.9232,0.1421,0.0213
0.87,0.5598558324319401,7787.0,641.0,30042.0,47596.0,0.4395,0.9239,0.1406,0.0209
0.871,0.5593815450006179,7711.0,628.0,30055.0,47672.0,0.4388,0.9247,0.1392,0.0205
0.872,0.5588440612816262,7628.0,615.0,30068.0,47755.0,0.438,0.9254,0.1377,0.02
0.873,0.558306351589439,7554.0,607.0,30076.0,47829.0,0.4372,0.9256,0.1364,0.0198
0.874,0.5577648950968959,7485.0,602.0,30081.0,47898.0,0.4365,0.9256,0.1351,0.0196
0.875,0.5572939025195381,7422.0,596.0,30087.0,47961.0,0.4358,0.9257,0.134,0.0194
0.876,0.5568248963289559,7352.0,586.0,30097.0,48031.0,0.4351,0.9262,0.1327,0.0191
0.877,0.5563884814755963,7282.0,574.0,30109.0,48101.0,0.4344,0.9269,0.1315,0.0187
0.878,0.5557371540495213,7190.0,563.0,30120.0,48193.0,0.4335,0.9274,0.1298,0.0183
0.879,0.5551670789933071,7107.0,552.0,30131.0,48276.0,0.4327,0.9279,0.1283,0.018
0.88,0.5546690022926621,7041.0,546.0,30137.0,48342.0,0.432,0.928,0.1271,0.0178
0.881,0.554104208477188,6964.0,538.0,30145.0,48419.0,0.4312,0.9283,0.1257,0.0175
0.882,0.5536098785768989,6893.0,529.0,30154.0,48490.0,0.4304,0.9287,0.1245,0.0172
0.883,0.5530505919753602,6813.0,519.0,30164.0,48570.0,0.4296,0.9292,0.123,0.0169
0.884,0.5525344591925243,6745.0,513.0,30170.0,48638.0,0.4289,0.9293,0.1218,0.0167
0.885,0.5520744810430377,6676.0,503.0,30180.0,48707.0,0.4282,0.9299,0.1205,0.0164
0.886,0.5515856583566842,6602.0,492.0,30191.0,48781.0,0.4275,0.9306,0.1192,0.016
0.887,0.5510406810369812,6529.0,485.0,30198.0,48854.0,0.4267,0.9309,0.1179,0.0158
0.888,0.5506218703194217,6479.0,483.0,30200.0,48904.0,0.4262,0.9306,0.117,0.0157
0.889,0.5500280059938849,6406.0,479.0,30204.0,48977.0,0.4254,0.9304,0.1157,0.0156
0.89,0.5494486769233794,6331.0,473.0,30210.0,49052.0,0.4246,0.9305,0.1143,0.0154
0.891,0.5489596282638303,6266.0,467.0,30216.0,49117.0,0.4239,0.9306,0.1131,0.0152
0.892,0.548488861659668,6194.0,456.0,30227.0,49189.0,0.4232,0.9314,0.1118,0.0149
0.893,0.5478661527972644,6116.0,451.0,30232.0,49267.0,0.4223,0.9313,0.1104,0.0147
0.894,0.5472995985682101,6037.0,442.0,30241.0,49346.0,0.4215,0.9318,0.109,0.0144
0.895,0.5467455932074115,5963.0,435.0,30248.0,49420.0,0.4207,0.932,0.1077,0.0142
0.896,0.5463199668087275,5896.0,424.0,30259.0,49487.0,0.4201,0.9329,0.1065,0.0138
0.897,0.5458943404100435,5829.0,413.0,30270.0,49554.0,0.4194,0.9338,0.1052,0.0135
0.898,0.5456006138006342,5773.0,400.0,30283.0,49610.0,0.4189,0.9352,0.1042,0.013
0.899,0.5450935090588938,5706.0,394.0,30289.0,49677.0,0.4182,0.9354,0.103,0.0128
0.9,0.5445795886360291,5622.0,379.0,30304.0,49761.0,0.4174,0.9368,0.1015,0.0124
0.901,0.5440762306946443,5550.0,370.0,30313.0,49833.0,0.4167,0.9375,0.1002,0.0121
0.902,0.5435545906978726,5485.0,366.0,30317.0,49898.0,0.416,0.9374,0.099,0.0119
0.903,0.5429409098765645,5408.0,361.0,30322.0,49975.0,0.4151,0.9374,0.0976,0.0118
0.904,0.5423525527649634,5332.0,355.0,30328.0,50051.0,0.4143,0.9376,0.0963,0.0116
0.905,0.5417732236944578,5257.0,349.0,30334.0,50126.0,0.4135,0.9377,0.0949,0.0114
0.906,0.5412824146213286,5190.0,342.0,30341.0,50193.0,0.4128,0.9382,0.0937,0.0111
0.907,0.540748451729497,5111.0,331.0,30352.0,50272.0,0.412,0.9392,0.0923,0.0108
0.908,0.5402343053334365,5036.0,321.0,30362.0,50347.0,0.4113,0.9401,0.0909,0.0105
0.909,0.5398049321343971,4974.0,313.0,30370.0,50409.0,0.4107,0.9408,0.0898,0.0102
0.91,0.5392110678088602,4901.0,309.0,30374.0,50482.0,0.4099,0.9407,0.0885,0.0101
0.911,0.5387475688322136,4828.0,297.0,30386.0,50555.0,0.4092,0.942,0.0872,0.0097
0.912,0.5382820834687915,4762.0,289.0,30394.0,50621.0,0.4085,0.9428,0.086,0.0094
0.913,0.5379159065574214,4707.0,281.0,30402.0,50676.0,0.4079,0.9437,0.085,0.0092
0.914,0.5374973218130574,4648.0,274.0,30409.0,50735.0,0.4073,0.9443,0.0839,0.0089
0.915,0.5369215135697119,4577.0,270.0,30413.0,50806.0,0.4065,0.9443,0.0826,0.0088
0.916,0.5365319993354105,4514.0,259.0,30424.0,50869.0,0.4059,0.9457,0.0815,0.0084
0.917,0.5360700347991483,4452.0,253.0,30430.0,50931.0,0.4053,0.9462,0.0804,0.0082
0.918,0.5355486207755722,4378.0,244.0,30439.0,51005.0,0.4045,0.9472,0.079,0.008
0.919,0.5349800801597424,4306.0,239.0,30444.0,51077.0,0.4038,0.9474,0.0777,0.0078
0.92,0.5345795514975696,4249.0,232.0,30451.0,51134.0,0.4032,0.9482,0.0767,0.0076
0.921,0.5341574459260456,4186.0,223.0,30460.0,51197.0,0.4026,0.9494,0.0756,0.0073
0.922,0.533657608811821,4118.0,216.0,30467.0,51265.0,0.4018,0.9502,0.0744,0.007
0.923,0.5331740673662075,4050.0,208.0,30475.0,51333.0,0.4011,0.9512,0.0731,0.0068
0.924,0.5326398785011802,3980.0,202.0,30481.0,51403.0,0.4004,0.9517,0.0719,0.0066
0.925,0.5318870302630818,3893.0,200.0,30483.0,51490.0,0.3994,0.9511,0.0703,0.0065
0.926,0.5314413613954311,3831.0,193.0,30490.0,51552.0,0.3988,0.952,0.0692,0.0063
0.927,0.5308512438702497,3753.0,186.0,30497.0,51630.0,0.398,0.9528,0.0678,0.0061
0.928,0.5301706199609165,3674.0,184.0,30499.0,51709.0,0.3971,0.9523,0.0663,0.006
0.929,0.5297771329530638,3625.0,181.0,30502.0,51758.0,0.3965,0.9524,0.0655,0.0059
0.93,0.5292717886249034,3560.0,176.0,30507.0,51823.0,0.3958,0.9529,0.0643,0.0057
0.931,0.5289166261414047,3499.0,164.0,30519.0,51884.0,0.3953,0.9552,0.0632,0.0053
0.932,0.5283914653174729,3430.0,158.0,30525.0,51953.0,0.3945,0.956,0.0619,0.0051
0.933,0.5277218558360111,3345.0,152.0,30531.0,52038.0,0.3936,0.9565,0.0604,0.005
0.934,0.5270989210004117,3276.0,152.0,30531.0,52107.0,0.3928,0.9557,0.0592,0.005
0.935,0.5264418603872054,3196.0,148.0,30535.0,52187.0,0.3919,0.9557,0.0577,0.0048
0.936,0.5259237412175937,3135.0,146.0,30537.0,52248.0,0.3912,0.9555,0.0566,0.0048
0.937,0.5254961284321341,3075.0,139.0,30544.0,52308.0,0.3906,0.9568,0.0555,0.0045
0.938,0.5249421230713354,3001.0,132.0,30551.0,52382.0,0.3898,0.9579,0.0542,0.0043
0.939,0.5244405255435307,2931.0,124.0,30559.0,52452.0,0.3891,0.9594,0.0529,0.004
0.94,0.5239133783328234,2869.0,122.0,30561.0,52514.0,0.3884,0.9592,0.0518,0.004
0.941,0.5233267816348022,2795.0,117.0,30566.0,52588.0,0.3876,0.9598,0.0505,0.0038
0.942,0.5228322257613174,2733.0,113.0,30570.0,52650.0,0.3869,0.9603,0.0493,0.0037
0.943,0.5223737820522153,2675.0,109.0,30574.0,52708.0,0.3863,0.9608,0.0483,0.0036
0.944,0.5218070018499654,2605.0,105.0,30578.0,52778.0,0.3856,0.9613,0.047,0.0034
0.945,0.521202349069753,2529.0,100.0,30583.0,52854.0,0.3847,0.962,0.0457,0.0033
0.946,0.520691497527657,2467.0,97.0,30586.0,52916.0,0.384,0.9622,0.0445,0.0032
0.947,0.5201410129940184,2397.0,92.0,30591.0,52986.0,0.3833,0.963,0.0433,0.003
0.948,0.5195977960878952,2326.0,86.0,30597.0,53057.0,0.3825,0.9643,0.042,0.0028
0.949,0.5191428732059532,2272.0,84.0,30599.0,53111.0,0.3819,0.9643,0.041,0.0027
0.95,0.5186736410421755,2211.0,79.0,30604.0,53172.0,0.3813,0.9655,0.0399,0.0026
0.951,0.5181211701217613,2148.0,78.0,30605.0,53235.0,0.3806,0.965,0.0388,0.0025
0.952,0.5176085581660852,2084.0,74.0,30609.0,53299.0,0.3799,0.9657,0.0376,0.0024
0.953,0.5170688620871222,2017.0,70.0,30613.0,53366.0,0.3791,0.9665,0.0364,0.0023
0.954,0.5166500513695627,1967.0,68.0,30615.0,53416.0,0.3786,0.9666,0.0355,0.0022
0.955,0.5161770724054292,1911.0,66.0,30617.0,53472.0,0.3779,0.9666,0.0345,0.0022
0.956,0.5156589532358175,1850.0,64.0,30619.0,53533.0,0.3773,0.9666,0.0334,0.0021
0.957,0.5151300456115303,1786.0,61.0,30622.0,53597.0,0.3765,0.967,0.0322,0.002
0.958,0.5146227148965942,1728.0,60.0,30623.0,53655.0,0.3759,0.9664,0.0312,0.002
0.959,0.5142003833518747,1674.0,56.0,30627.0,53709.0,0.3753,0.9676,0.0302,0.0018
0.96,0.5135902233577265,1601.0,53.0,30630.0,53782.0,0.3745,0.968,0.0289,0.0017
0.961,0.513016175527961,1532.0,50.0,30633.0,53851.0,0.3737,0.9684,0.0277,0.0016
0.962,0.5124907887308336,1472.0,49.0,30634.0,53911.0,0.373,0.9678,0.0266,0.0016
0.963,0.5120629499721786,1421.0,47.0,30636.0,53962.0,0.3725,0.968,0.0257,0.0015
0.964,0.5116135343041719,1364.0,43.0,30640.0,54019.0,0.3719,0.9694,0.0246,0.0014
0.965,0.5110791194659491,1303.0,42.0,30641.0,54080.0,0.3712,0.9688,0.0235,0.0014
0.966,0.5107380402910903,1258.0,38.0,30645.0,54125.0,0.3707,0.9707,0.0227,0.0012
0.967,0.5103535813243332,1210.0,35.0,30648.0,54173.0,0.3702,0.9719,0.0218,0.0011
0.968,0.5098354621547215,1149.0,33.0,30650.0,54234.0,0.3695,0.9721,0.0207,0.0011
0.969,0.5093263710262055,1089.0,31.0,30652.0,54294.0,0.3688,0.9723,0.0197,0.001
0.97,0.5089888126785068,1048.0,29.0,30654.0,54335.0,0.3683,0.9731,0.0189,0.0009
0.971,0.508474214336055,991.0,29.0,30654.0,54392.0,0.3677,0.9716,0.0179,0.0009
0.972,0.5080047561990816,939.0,29.0,30654.0,54444.0,0.3671,0.97,0.017,0.0009
0.973,0.5076997891886055,898.0,25.0,30658.0,54485.0,0.3666,0.9729,0.0162,0.0008
0.974,0.5072719504299501,847.0,23.0,30660.0,54536.0,0.3661,0.9736,0.0153,0.0007
0.975,0.5068910122903532,803.0,22.0,30661.0,54580.0,0.3656,0.9733,0.0145,0.0007
0.976,0.5063711327071615,740.0,19.0,30664.0,54643.0,0.3649,0.975,0.0134,0.0006
0.977,0.5059829269400489,697.0,19.0,30664.0,54686.0,0.3644,0.9735,0.0126,0.0006
0.978,0.5056543966334457,657.0,17.0,30666.0,54726.0,0.3639,0.9748,0.0119,0.0006
0.979,0.5052915145760399,615.0,16.0,30667.0,54768.0,0.3635,0.9746,0.0111,0.0005
0.98,0.5049990964338193,579.0,14.0,30669.0,54804.0,0.3631,0.9764,0.0105,0.0005
0.981,0.5046452424175094,538.0,13.0,30670.0,54845.0,0.3626,0.9764,0.0097,0.0004
0.982,0.5043292609791619,503.0,13.0,30670.0,54880.0,0.3622,0.9748,0.0091,0.0004
0.983,0.5040747154149038,473.0,12.0,30671.0,54910.0,0.3619,0.9753,0.0085,0.0004
0.984,0.5038274374781614,442.0,10.0,30673.0,54941.0,0.3615,0.9779,0.008,0.0003
0.985,0.5034753438754314,403.0,10.0,30673.0,54980.0,0.3611,0.9758,0.0073,0.0003
0.986,0.5031829257332107,367.0,8.0,30675.0,55016.0,0.3607,0.9787,0.0066,0.0003
0.987,0.5028290717169006,326.0,7.0,30676.0,55057.0,0.3602,0.979,0.0059,0.0002
0.988,0.5023866977032142,277.0,7.0,30676.0,55106.0,0.3596,0.9754,0.005,0.0002
0.989,0.5020942795609935,241.0,5.0,30678.0,55142.0,0.3592,0.9797,0.0044,0.0002
0.99,0.5018397339967355,211.0,4.0,30679.0,55172.0,0.3589,0.9814,0.0038,0.0001
0.991,0.5014786123529098,171.0,4.0,30679.0,55212.0,0.3584,0.9771,0.0031,0.0001
0.992,0.5010615620489303,123.0,3.0,30680.0,55260.0,0.3579,0.9762,0.0022,0.0001
0.993,0.5008070164846723,93.0,2.0,30681.0,55290.0,0.3576,0.9789,0.0017,0.0001
0.994,0.5005632593750899,66.0,2.0,30681.0,55317.0,0.3572,0.9706,0.0012,0.0001
0.995,0.50035209360273,39.0,0.0,30683.0,55344.0,0.357,1.0,0.0007,0.0
0.996,0.5002076449451998,23.0,0.0,30683.0,55360.0,0.3568,1.0,0.0004,0.0
0.997,0.5000361121643826,4.0,0.0,30683.0,55379.0,0.3566,1.0,0.0001,0.0
0.998,0.5,0.0,0.0,30683.0,55383.0,0.3565,,0.0,0.0
0.999,0.5,0.0,0.0,30683.0,55383.0,0.3565,,0.0,0.0
